Client,probability_CL,probability_MF,probability_CC
1094,0.13639765747214602,0.15493467354117582,0.5592248336339677
1484,0.5665558781572939,0.5451317071113381,0.2129352516521068
20,0.33747402740520166,0.09549019551977214,0.5202018318172442
1193,0.058979105832181106,0.16629910616701543,0.05484162161250814
142,0.38805361375074887,0.08097543749108933,0.0939874523588613
865,0.45504955060952634,0.1494260190834109,0.13546658517143131
672,0.29169789301902277,0.10490097543479746,0.5030869941838086
942,0.21109028978984795,0.18534289745481028,0.6053326827819666
184,0.15590033603454903,0.18445697773948297,0.36100621414234496
1513,0.6770416328971856,0.10388715511190977,0.17813713141943852
849,0.43020219874848253,0.11704792128154434,0.1934818667356299
1238,0.3592432241590946,0.12585049962505668,0.1180860477208471
1106,0.1687921817343888,0.15859417165989062,0.18865906092375856
1046,0.11725426478625144,0.13118969734092176,0.16788956431214871
288,0.2642990498374394,0.07697315778219706,0.1899884492584147
461,0.11369382443803072,0.12317853872718992,0.0984006696662042
1302,0.14964669373948816,0.5435046840759185,0.5821043550652099
689,0.2891341259558167,0.09277913609261323,0.1750725097237502
1305,0.265279921736281,0.08909376513964612,0.11534685860333918
1221,0.10090596510864028,0.09719229683719421,0.14596098199956611
638,0.22256443058936246,0.08085365909073468,0.12139729205139117
548,0.18339633392863625,0.11604482613412037,0.1898264377160312
806,0.4872392427678836,0.1049652732318009,0.15676310678674704
120,0.2584496920097316,0.1671407036390679,0.250821837166659
1340,0.1780296458387167,0.07782955427284935,0.21017569058497493
1224,0.1823241697298903,0.07318221772566241,0.628788314296199
990,0.7350646654627391,0.15716773943261833,0.16560311931377442
1438,0.7014390329505423,0.08565009807278882,0.1204165051502242
687,0.08980668654655213,0.1258189516919567,0.09819288249324871
185,0.2631037915679531,0.2626190852274162,0.14213739617299098
1434,0.40847929772652136,0.17859666481966052,0.4573885913761456
1495,0.22795198089033591,0.15882786794919393,0.3037449711178773
278,0.18229194046473463,0.310181459594022,0.16254379991496504
95,0.364243218655923,0.1834548810740221,0.25921941566680745
158,0.25050197374904914,0.12526049120794233,0.09812697710044782
1220,0.6676405765569872,0.7179969724122042,0.21450058004956923
1312,0.1829541001610966,0.06549195631868701,0.22984352449172626
879,0.16792133140395066,0.07789165895743842,0.12517094833871348
1415,0.13290966783356606,0.3649675431586057,0.5082900739469777
366,0.2848262062410149,0.21452343802550167,0.21788620914516316
256,0.2018794504628863,0.09474996982243558,0.11381539901597434
328,0.19776062945561915,0.15218656912061163,0.14889805312814633
371,0.09762070540236568,0.11470721313787348,0.10992766169278673
1214,0.191571745517493,0.10264174810326335,0.3542165136081901
1253,0.24695641322999212,0.11223353783697684,0.2180263439962332
42,0.2429353456287254,0.6296785060370107,0.13392637582431016
805,0.1339391111233735,0.11472914939665482,0.1519731878065428
874,0.2531745630709081,0.10955449921656353,0.1282901575443905
904,0.5649778159010727,0.08360600801805484,0.209789095045328
795,0.16782115703055425,0.2207620427266709,0.13009183130351132
691,0.7159804588968243,0.06379853340810678,0.03470329453513154
985,0.5628067346615004,0.11617643575916771,0.15389253987296594
1022,0.08326708575064473,0.0913868354334279,0.11150837993978191
1483,0.314565931194124,0.10600350392675502,0.19735050615212413
1268,0.46732126149095715,0.1515375807947858,0.14369340252655102
1401,0.15208580343367487,0.038880516616925674,0.10131643946905877
324,0.1676897136602635,0.11536054236072024,0.12945112166145845
1425,0.5188818621616991,0.10335368649040959,0.37189974237491474
1318,0.20802617319834893,0.09047313970524666,0.16919817609660176
1350,0.4091420375821572,0.23081651782800713,0.14252957944859432
1180,0.31484801264052603,0.25097917823863786,0.4700283428697816
704,0.14679250450139972,0.12788373291075675,0.3676093874410919
903,0.22891407663758606,0.3520139875028709,0.14866208515903184
1245,0.374963339800412,0.189921010686674,0.23543594141214935
503,0.3631101854093949,0.10887065535863606,0.12087469093870411
1261,0.3880269147358469,0.18297657623932406,0.1616651349874403
1118,0.5287729181300458,0.23224232207326753,0.21820777534743802
80,0.33904993214562024,0.18507591078159194,0.1801747359356712
568,0.08080522899160318,0.16802721753099747,0.4782493913180666
22,0.4456384834337659,0.07714093711063619,0.4731381749969371
890,0.21187981217765664,0.21699918468838916,0.23420720700734277
767,0.139158105945238,0.5428046712801067,0.1825409337803418
837,0.2577495736564973,0.12078011402536491,0.22921046189725444
1258,0.12955481372872182,0.5427416189019193,0.17640724662022225
814,0.09307682972123872,0.153415849914467,0.2036152924408457
1479,0.13343779188221944,0.07221392862164952,0.5162946590183703
634,0.33979062238230656,0.18705301478902225,0.6860484752478707
831,0.1976648462465844,0.30826832087503964,0.1412069287584118
1348,0.1368391213757711,0.2951145265272856,0.3482893047930357
700,0.23691390142536956,0.3289308722661585,0.1063177541218884
605,0.1674988919880358,0.14008274588930827,0.10309564412044013
1378,0.22392212977674883,0.13045317664990935,0.14899112899361597
1400,0.12766366818932395,0.29320618470120957,0.2194815743815939
156,0.6215694711567467,0.10881741659040603,0.18883918256572055
1182,0.11958662808940451,0.7000500156122311,0.10323964783033251
81,0.11034474599549307,0.16445830651598667,0.1719483228445357
1515,0.20966499147159806,0.19181086614754012,0.2855846241633033
85,0.23565969834168496,0.09414202589196927,0.20305478990190565
553,0.2545030929176528,0.14355009002563263,0.185563198645413
1029,0.24025159878583607,0.40522436082455576,0.4317866466163814
417,0.6494118944790717,0.05706919542855829,0.11486169410966583
563,0.2938643673352867,0.14126452089191027,0.4700175952213883
1376,0.5504710325649412,0.10379707247670444,0.16896565627805615
303,0.7400579888758368,0.06514129244046854,0.06420294038938246
520,0.16472454202737674,0.1275122454549817,0.642377237283599
203,0.5983854979205614,0.38946858468289164,0.4285733711306811
234,0.25344722345905146,0.15610886977761962,0.16669403008623
242,0.15363142206509522,0.1304555734806441,0.23541246241346467
179,0.553900719408385,0.14074879685708408,0.15393590639342544
617,0.19011096857081153,0.12269091437168124,0.4251334332936168
1159,0.6547080479855465,0.11587167057412014,0.44331670120602273
1333,0.2450666507560699,0.10343101049457185,0.11706076952204177
412,0.14010986737500056,0.1302254321972101,0.41748135137684456
244,0.20869372498679034,0.39524136976655244,0.1685500988684521
1492,0.29454048479401,0.433668931709279,0.2637182551044239
1467,0.6569076912283317,0.08118786837762645,0.12051902659334825
1563,0.6039074502817922,0.13613797623102386,0.09597693957862459
349,0.18454088679693734,0.2952548052712757,0.2715123314003503
554,0.2556188464434296,0.12517794247031272,0.3006641241011241
810,0.16491504225663003,0.04863499851055421,0.11828499140886502
66,0.344510277207681,0.3126366255831716,0.35607134087696957
87,0.12365377343174576,0.7182956927505983,0.11543928296623424
1034,0.1881127724661086,0.14836493790298777,0.2655275646200899
1166,0.10403410585275173,0.3091969652415745,0.16831432682060427
711,0.2659796780894615,0.0737999004434066,0.14180630795931204
1608,0.10465996609215342,0.1042501339433421,0.12070417110854757
190,0.13210237930974666,0.13016942572424967,0.21128718265655175
790,0.1412588630908015,0.6717632929741808,0.05594657683346738
469,0.232706204965695,0.11121881110502282,0.10906056240067617
1524,0.5257636056290633,0.07978230717120333,0.13822202976158407
1456,0.34852165281113306,0.17371265962533905,0.24132881384401275
882,0.20514182590863547,0.10315125324684717,0.1005037172467829
602,0.09406260687227276,0.2259518967753842,0.135609228200701
1394,0.1165420957819828,0.08107272543254583,0.13239796373415005
1155,0.6419703445103911,0.13192324513774945,0.4489859570949504
801,0.1347524696747842,0.4772678978238163,0.5767919908308875
1285,0.22458532513840065,0.1624215335376779,0.1923675714866624
149,0.2543312109621682,0.14805780160559945,0.15882718757309347
757,0.18523362053322534,0.36736384556323676,0.15176470878349738
1361,0.10172300565386783,0.11620277745962607,0.15899730054464167
346,0.15291864017448575,0.070197618625133,0.09904313274081832
1577,0.1267989489949827,0.1436020509372116,0.17433243731471126
560,0.12089221722999806,0.14101601863150207,0.16043125247323256
549,0.2645488310682047,0.11775668874188931,0.23192777412918544
1152,0.33580729768298107,0.1297700791431191,0.1670900961319208
376,0.11609707360045572,0.11190657412851746,0.1259653294100529
96,0.3248955228397574,0.12337100906531326,0.26009946598595735
547,0.256093638824891,0.20460703693433235,0.23958883090857724
740,0.1526652200439094,0.07628465155094641,0.19526095245085287
845,0.2714854382172096,0.11759687974510089,0.10301470886530134
725,0.1731683018830824,0.8262247219327601,0.10781618954668433
1206,0.2432297844792342,0.19593376635530355,0.24528056386008795
1131,0.22168789709307984,0.07036803406534935,0.1853061168542503
209,0.11243008042193547,0.2872393475373015,0.25486049632444474
478,0.12492383076424683,0.2114761183800665,0.8511119373576197
747,0.7448437860170514,0.6477973974952252,0.1721594300579396
49,0.2067593456320834,0.1700830793301728,0.3237145783970545
776,0.6838114397095736,0.14843054973140937,0.1748088908078682
271,0.615600899036852,0.10245835808687577,0.48850030109204234
1167,0.09487317780086131,0.09707194479216255,0.393684794940625
884,0.5990006230818407,0.12875499942904226,0.18633002027270265
388,0.47995473820105417,0.09715247059955232,0.39972500588685983
1486,0.21368845384392496,0.10809886797512006,0.12808721176203647
600,0.6428081236733241,0.11754962204855773,0.13781332870100357
873,0.8216983215073259,0.11570193552509521,0.7486593140632861
895,0.21455281048020766,0.11305831923729277,0.47844101187010957
1091,0.639220385668695,0.8589115290839429,0.18806428285536503
1017,0.17035364402797523,0.15428498396034307,0.20153229296017106
1306,0.24474521594522655,0.08003636679096467,0.19396382270777576
1259,0.8029500631642109,0.10012359624208968,0.14055522642623589
1355,0.5528485541787187,0.19795025142438938,0.38784578985398405
1500,0.40510106657957384,0.34823716428724105,0.4846177304964075
761,0.18765480550206884,0.0958832300358207,0.1669769292665074
1158,0.1700711630517301,0.5802087234770897,0.16298660213704083
812,0.18845021371834292,0.1351947872572224,0.17236900409551903
1151,0.4168365735822755,0.32858222856233,0.5913172996666316
269,0.5495828350419214,0.08741040120618379,0.19110990664602565
1135,0.09490370801777409,0.7126318644133712,0.2235882800397285
1381,0.40345022910676387,0.11096904966123228,0.19618664629851776
1311,0.1602852451921951,0.07489792333798785,0.16106769940102622
836,0.18573966070657089,0.2456652987607254,0.28149937086486754
399,0.1575525988590459,0.2975037332756453,0.10117097967022623
1402,0.19842794507646963,0.1251276647313709,0.18970327158287822
1600,0.6365306413243708,0.07661260895078838,0.4515740464426661
122,0.1896695708060233,0.18410948515951403,0.18368170173354667
883,0.19694095146575966,0.23449375105582576,0.13532249712907624
1571,0.1429773377998933,0.45296399121986136,0.814269073517196
1301,0.1540518656599277,0.11872641633507416,0.1465328445618069
225,0.6865506005713276,0.11939142164152301,0.21499547557557508
390,0.13174609270292303,0.8858899584260554,0.0917944671987782
1035,0.6226515838504769,0.11823918411662536,0.15910939752894282
457,0.09535098098983155,0.062204621272598605,0.15484043009986695
1307,0.25711994447110137,0.20326695541013717,0.09244323142840197
1532,0.09972330589817589,0.12133748728095188,0.0547191906846335
1157,0.4302835375084085,0.578421052631579,0.34
1436,0.42187164172461356,0.1608427724401955,0.4547620284874237
1592,0.5597218050552003,0.1340364421849417,0.1465977124153837
1087,0.15450413258842002,0.8173025635631865,0.48309775715672165
73,0.685567744153226,0.15124920453167426,0.531060084649132
1084,0.24195371633793566,0.07669046344337808,0.11050588391662661
402,0.14199400584126973,0.05251315389870432,0.10354037477945573
758,0.12755342922138133,0.10465044261481625,0.14363045205470243
692,0.4312151149025139,0.11664916250369543,0.3205345561255011
1195,0.48896906235893084,0.11588189273870557,0.11595797800024622
721,0.07825851808782276,0.09912691175674214,0.6306023670343305
372,0.4986042503918705,0.4580121339530706,0.7994184535155362
558,0.6387735261168767,0.05836322151609951,0.09905370051701397
1322,0.16072582874098976,0.057894879753628906,0.38709018501979586
238,0.6142220821112235,0.11255448150917441,0.2745164977517686
204,0.33214067841472605,0.15926369987997174,0.16528047220827896
702,0.09420362155787335,0.09223540109315233,0.09428965642323496
69,0.10917082219491178,0.5156073497106377,0.1308170997646098
316,0.8035740792152507,0.09086754308857505,0.15962123994191146
1059,0.12970013160123478,0.4432964953290716,0.16456528635476508
407,0.17438285678327364,0.09071851786657699,0.14502898523509147
452,0.13709264930483228,0.16205467192701767,0.5308241802038771
763,0.13773122028209622,0.10028448435185908,0.1465517085002957
1254,0.5503534779631457,0.07216137493335138,0.053313861518040885
732,0.6254109496593494,0.5401019177370047,0.11285509674545256
661,0.19654537715090462,0.1381121137177028,0.3102540964321583
630,0.5137499481313713,0.12093396495805693,0.25648441282300316
614,0.701891948943412,0.7633674077625298,0.6584167118067435
398,0.13321058338285732,0.37947036160750863,0.22578380547533225
512,0.35937048575407926,0.27605626455501736,0.17107844572136677
823,0.09040430729028015,0.13697084742034354,0.10327302207289732
557,0.34629863098582675,0.2556623744344284,0.22421090294467227
1143,0.1534483470951387,0.31840874976493533,0.17293274998186575
285,0.2553374493552758,0.08485440649460017,0.5019223310614161
992,0.19926375430110568,0.1776766720562366,0.15340318833610758
533,0.11613552396680608,0.3400184250015096,0.1917243808906013
483,0.511816396842103,0.12567996612768964,0.20111748608801633
826,0.6291284742583807,0.19959961927431077,0.12195739271744241
1408,0.1785737603284634,0.44983652508730243,0.8359562099333075
604,0.07985918087225342,0.5624979541220395,0.12472281875417528
1020,0.1911226931625496,0.1501217186885758,0.12740699928884017
351,0.17143231704862863,0.13638892032608968,0.49501474453008576
147,0.588061292889186,0.08901540650278025,0.11860623704535586
764,0.08746197433027784,0.14458798632473638,0.05365925141557474
508,0.13971348052996263,0.128247201583141,0.1565422872248058
281,0.2045962313954471,0.09008046487896529,0.08900941287207126
219,0.12430220520808544,0.13924935784485862,0.9004807692307693
1607,0.17112816736298997,0.2676919065680935,0.5687659782676856
162,0.21605509740986822,0.08467676290705935,0.2111123483609479
116,0.25909017166502724,0.14623826275472768,0.2276973616656342
361,0.12546893857299105,0.10103847518947794,0.08378475596063623
1325,0.286357852620545,0.511405834840691,0.16273670612588378
1392,0.5866901547205523,0.558680191397909,0.13296274311469672
680,0.29531790468130376,0.12319134582441901,0.20197362168480126
29,0.17064845850110913,0.13070185886109384,0.488509376628592
437,0.20625808713113344,0.614282166649772,0.13091244068551744
1418,0.12020449920722712,0.13399278958676497,0.12284583399327051
1323,0.5792595503085294,0.07253149975311741,0.1818917434671496
1473,0.12233626508977326,0.6935306950827241,0.08585638391121556
48,0.2589605867743716,0.13349325288814023,0.47380733279335985
1476,0.49446649792040176,0.22197687876074007,0.2542273728155618
102,0.7248458092945181,0.8194318181818181,0.0761855784919066
193,0.16513860195300745,0.11182006352362124,0.14851276737115213
1149,0.3260600950574638,0.39458649791590444,0.18015092785376616
374,0.15565061412181222,0.05470967452593454,0.43232192584746953
857,0.14872605325993618,0.0964740210899024,0.17399621621324404
1108,0.1789155653769386,0.15510132880810878,0.16206720265064053
927,0.1788837104176659,0.590016812120162,0.49018936548387304
575,0.6739327534681782,0.14849238148336594,0.7629925148734732
1453,0.11193183076833776,0.06314181454818969,0.12708548795063307
679,0.21492313629271512,0.2211984534559814,0.12576746219729695
631,0.17908133383229746,0.13445289725338505,0.24528863035368836
43,0.0700170341701768,0.6093645285116294,0.7842377673197045
230,0.2541245121806971,0.15974945108351388,0.8265322455322456
529,0.18909690248254762,0.33769200729588666,0.7734455176660064
1595,0.339998413954997,0.2633680424136454,0.13807079469629707
262,0.20060736425453726,0.12280606924886137,0.14176710197694223
743,0.1589262903116664,0.10575437175826283,0.07067326759992822
1379,0.19472641265241447,0.07959715429004569,0.15675405742281756
47,0.754330425388675,0.1035013260345621,0.19584070367933237
79,0.1241016471874049,0.18662722712132987,0.09138582503610582
1293,0.7542502861477147,0.10717237619730208,0.6036045194059555
6,0.44398447785797884,0.12970685034281393,0.15701565977954954
15,0.24459276886730674,0.09851355500299723,0.15241122760656123
1409,0.56932046637245,0.08915158640795806,0.18640231573405633
436,0.18315020045763294,0.06266304452651955,0.15895754704262705
901,0.11220665914511456,0.564820695461261,0.1033855095646304
1593,0.21164509644015092,0.11938915862834074,0.15439116297039693
1362,0.11450706130650846,0.07583875173790579,0.8875873499901634
377,0.09420884115430506,0.12665211940921722,0.1300436018228639
446,0.22652261076650923,0.08662071176205059,0.17822128906347298
1269,0.15097127769242735,0.12805135606214782,0.10383929635931397
921,0.29495780762175744,0.09782806625037561,0.5909821078816315
192,0.27882916525789836,0.2526899122692561,0.17001081028880505
497,0.10022576811345452,0.17925272446033888,0.3358808871123146
960,0.49081851713231894,0.10434729473133368,0.14221005051328667
840,0.1791187036513605,0.10099959132863087,0.44170937954440903
134,0.3606350698011665,0.09164532957941994,0.1778495729203106
317,0.24899886411290528,0.1921628350294961,0.35430168806403733
585,0.1681332147968379,0.06968712929264939,0.4098719152617245
928,0.19066082826418332,0.19447247641060092,0.13010100463525917
72,0.22504183075908657,0.08307012927282194,0.17180833646704963
1383,0.26361417194177755,0.15095159833604524,0.2878064016801535
666,0.20587774929010874,0.15291057054796633,0.6616888737222181
1346,0.18504989195067492,0.20074687916719494,0.32296500256583066
1068,0.07250397204308415,0.10642405790748886,0.10635199642226874
493,0.3181858650213934,0.18898846361756835,0.15173255358081714
1044,0.1448059979327007,0.08155547730103155,0.28534812225946715
588,0.2250068659353815,0.12347918353105233,0.2099634891528259
107,0.3057131188082386,0.13482754128076466,0.12861336768727438
1397,0.35089573885821984,0.19243761285002484,0.2716971874870121
913,0.13411846634953387,0.15833287749282599,0.11680244209958866
425,0.2259769167044667,0.1327130932511164,0.22497901239160725
611,0.6667205097834805,0.5358771160329301,0.1167213139437685
561,0.08901805422566453,0.16591957279086425,0.1860141320793225
68,0.17843228952835766,0.10910327858177048,0.7577111678723571
1590,0.761961777456988,0.1556477620642316,0.18994163666608213
1142,0.09532001162794161,0.11896490559541233,0.1133885116320155
598,0.1910421981135852,0.6733234418120122,0.1225691662934283
248,0.21119190039625957,0.07696374196975134,0.35408076185168275
1018,0.15565353939602697,0.6057720851368245,0.1261400941955036
915,0.3872241628909255,0.12987686860097428,0.3091703117470203
443,0.3993619886064803,0.17950547309655956,0.1660893121202792
966,0.2063889222829121,0.18675752021788075,0.1813328981308947
1549,0.8284371587173631,0.5942475224905881,0.8171599888314952
1391,0.32907073132750897,0.26573443863059637,0.14739908425672843
448,0.44966948350403924,0.2702408508252239,0.4580303936148807
365,0.17648150114255448,0.10479379261090191,0.5206266950556792
1545,0.15186245826488146,0.14312507051613843,0.3743543176983828
408,0.8171764248125803,0.11505706475019123,0.6345810783144749
1279,0.20065073260290323,0.14124583339865565,0.12462860355426343
1027,0.178186534320483,0.12348278448046247,0.3684775998463803
1536,0.11249646617093308,0.5334069156422838,0.25332378823003016
1273,0.18335132268493012,0.5002296883659928,0.2855910429874322
501,0.15194597993037415,0.13218542648872716,0.337370147644723
290,0.2837454193529015,0.21588714729682465,0.18952830985267644
1462,0.08031408949427304,0.06692657285329506,0.09485644676378045
310,0.3865609965242044,0.1723954817277217,0.20809412874535174
38,0.11035128309085994,0.06854738216760702,0.1226939362346207
2,0.32980856716274354,0.13121643988647722,0.20794854583003478
17,0.18259188539111107,0.09567958624373835,0.1267486889472747
953,0.3157288416871842,0.0706158311030366,0.16048287018146748
1412,0.11288201109235699,0.7014312642488666,0.17358346271112818
997,0.3101377329670949,0.13215858795663343,0.30773232476087303
716,0.22955663621911956,0.1447216089809019,0.33173547462783765
970,0.7220563458942122,0.11675445958266828,0.15351267169193586
800,0.21360001411637536,0.09460208744347925,0.21055138263742204
1213,0.3328930916431422,0.1756540787700618,0.29961283960653795
298,0.7503455023633293,0.18059131771411643,0.09235024439188148
846,0.7142233515119771,0.13464582709094905,0.09752332967887441
1605,0.15455097839730084,0.10603773106131534,0.17322613844541934
1203,0.08215983077782822,0.11232930813811459,0.12583068478497386
202,0.09568517128897508,0.07051862058941455,0.1086621349719641
251,0.15866434995039597,0.1774869560732995,0.2226810658327699
510,0.0994941596320449,0.34201947685785605,0.14877461755145574
67,0.5183914396916759,0.09952054980016309,0.14742973247974053
998,0.09311929387587786,0.10171185532769213,0.07306762796569242
705,0.17165033861946163,0.09980198906191237,0.8418880060274948
589,0.2702123853021609,0.21584301655497262,0.23370716976393432
1429,0.21754651267565833,0.18067388750029922,0.14181133207688665
569,0.24113864657292056,0.2140637481563801,0.4307228549490173
78,0.17497906436779265,0.20334462076109033,0.0653168192407631
499,0.38375227284549807,0.4810881515141018,0.15312671399195582
734,0.19445268031272656,0.10432283686604592,0.7566666666666667
550,0.20499477397863736,0.10805796528249381,0.14335571470918637
1115,0.35932848846018645,0.12328416516818581,0.11634424336335097
489,0.19076490812336186,0.22752173757708669,0.42194177403031646
808,0.6099976196303463,0.22527079640227743,0.23464364005962962
1342,0.7490119714672752,0.13918610638404647,0.06376355996679212
1190,0.6435531956828774,0.16759190330664192,0.1599564859044346
804,0.26151613014768915,0.1369055587376714,0.21296184909864377
875,0.2472458378739332,0.13878483479438122,0.21478725288029557
518,0.3893495447426062,0.07046445145793381,0.3473844010407982
642,0.5302983023640974,0.3045052395289829,0.5337311388029312
343,0.17993807841720044,0.11308651703518846,0.21467943566823638
1335,0.10574432146626796,0.1282415960069755,0.3888687518375223
31,0.10806049820970448,0.11050207058095946,0.10031506810399411
1038,0.16243298742885062,0.1916449111550713,0.09661979657811313
198,0.15555616291627253,0.17576966925272366,0.2719118686733088
872,0.17806184919170717,0.4683018416392214,0.09647114798047193
1463,0.37077184232388194,0.10095703030232439,0.1310404015651745
1347,0.5760484435462234,0.1233972905717493,0.16910449482303153
952,0.20452547474160823,0.32747470331201783,0.5091691287173488
581,0.1019117005846244,0.19147843976363796,0.08635511916735228
33,0.30999282604525763,0.08294420986147856,0.6493495090509438
881,0.44432015395759356,0.10800856012453573,0.18917747640076757
864,0.2633692801698867,0.12321285414833709,0.23262618663809703
969,0.11872747228125874,0.1681385822401449,0.42659542078820223
1165,0.2327494292255877,0.16157821877644987,0.7456276457694078
1552,0.2113089704798103,0.3079482182844253,0.13199772030366175
421,0.4847130108876046,0.08164797545544623,0.13514828256611008
335,0.3363893356650554,0.0980130992611873,0.1221422617056246
1432,0.2700640495265399,0.5338116256887847,0.12881768651954162
424,0.40085236438036675,0.24796651770628697,0.4123315598955804
1104,0.8327861579414375,0.7527272727272728,0.10598684695033242
177,0.2549895173053659,0.11993399178539504,0.1292727253259709
1535,0.12322125456499014,0.15018489954962466,0.16752717866047256
441,0.5151678408884446,0.09084183193596473,0.16991306885932025
789,0.22027275117015452,0.10875129440571042,0.13877149482250178
856,0.19132679511356676,0.14634340667608262,0.07940663486625231
395,0.1896089671208445,0.06914143042511502,0.3348198388870067
1557,0.5302871980087098,0.13428387386931145,0.13484680724019038
222,0.3817688108508371,0.42398676584931067,0.19216458742064257
1219,0.1583946210558401,0.1863527982707915,0.14015981009984485
304,0.3550407592494581,0.13377983622362244,0.2921822944436133
911,0.6714011787161421,0.5997855334966994,0.0801585761375821
1582,0.668643348252774,0.09769649495135396,0.22104223428981876
662,0.6900843956907252,0.08333880103941314,0.14932088842739752
1197,0.1020728072075739,0.18712506100075788,0.1429965216911586
770,0.25232837595854785,0.2863227717091219,0.1480133455345808
1239,0.21727520469003742,0.10327876944538521,0.2850654793229648
112,0.46674515823590007,0.13640802806427446,0.1988752683162249
1199,0.18577927892982835,0.07138121092213343,0.4087828079854075
1574,0.37758449123533866,0.18890270046149665,0.11611758006907583
282,0.1956084681918395,0.09625057672990665,0.41161291553759183
1209,0.36380546107671663,0.11556663380004345,0.14242555651440372
552,0.18311610374143064,0.15007280278441132,0.15806371740839004
775,0.7914008449364281,0.6826615810205616,0.22213605981520868
1275,0.13570902131803686,0.314803639240039,0.16087480370329582
739,0.5502223176703975,0.1640894498500554,0.5521210144276681
907,0.2859073033359935,0.15403144507432312,0.2808240722058276
1572,0.11107445252784094,0.0855452194840228,0.09630800996798353
1011,0.1783458129693269,0.27130679934326957,0.16307060411942342
527,0.5978049039838759,0.5122615121805805,0.36488551104345845
1109,0.2505108874538523,0.09985636829287514,0.11574236627173695
1568,0.20411698766685238,0.16184645752252316,0.4125507684945731
132,0.11594267705478795,0.41378314451140935,0.09028333979357685
327,0.6599604568059426,0.06591951835655864,0.20163966847789708
1506,0.47384858502768623,0.1025503685520912,0.14216710643520294
610,0.32276249670784696,0.13599918750459264,0.17879314611017535
259,0.1673540970345355,0.132116344582396,0.20792593124125486
745,0.19052774296161337,0.08072162300590076,0.11789081982110147
653,0.13179140543188853,0.19234752241225103,0.05133104461878701
157,0.22526720806443998,0.06452980741439582,0.11856305345042718
1612,0.18503097784218359,0.09499909646291316,0.17844571115257504
159,0.6103136698136893,0.11977075103399137,0.10287902460253015
777,0.17725329607463786,0.24301034437491537,0.08549124448162504
1353,0.17172256992417256,0.4342711615500096,0.11758955324597423
1070,0.33052672707990405,0.13442174276988272,0.11474345713475718
1078,0.40659449486726773,0.4416442127821378,0.328489133991589
1290,0.1799966558462044,0.08346735464414995,0.24380040233609573
663,0.14246542349731445,0.13287792432544232,0.13397507663797548
918,0.12045007990857365,0.15872565504975167,0.18222727131106695
363,0.20729220814139387,0.1552200860376728,0.12686793769268198
277,0.22894298965984317,0.18600116931373845,0.3190329874644415
1117,0.6853436056187006,0.10075528714656631,0.0970534738322195
481,0.11229718253753324,0.13095551479470918,0.1055452605279782
113,0.21731225979312202,0.10524042355161559,0.24297518923875683
1522,0.28987862929904823,0.30033735420207885,0.5339280141100717
1564,0.6995041844939025,0.6866244040258401,0.14240122588111198
686,0.32580447457197004,0.28201780234027024,0.26949095436343606
1236,0.247810432031473,0.13690901848806525,0.07572008456082234
1128,0.13440030234600522,0.06667349517169092,0.1899857332889745
947,0.33558004702264194,0.18512450657158466,0.14830069451841896
859,0.5020355130015139,0.11047962922090349,0.1384518206148388
1602,0.14289907861091955,0.14507541312219283,0.11135452807435138
593,0.5220341386992055,0.1945848360333973,0.1162103406706221
1417,0.15786247357184308,0.10777051620139944,0.45652976861779804
860,0.36390850003003167,0.13286827767246787,0.07043751910521535
445,0.163137093731851,0.3953481727606302,0.08311721804987995
1099,0.199170082247186,0.14305298085717053,0.1282138557199627
507,0.16084839491994513,0.48522455493736094,0.22349927456461355
1442,0.6226717096478048,0.4553063969621931,0.154690409189303
1308,0.3181676810063715,0.11833845400610925,0.09744228522048078
1469,0.398375904629016,0.24863493724335228,0.14664718603500482
1534,0.5264137817594243,0.15059537945349377,0.6542714325087872
1196,0.3871266480859871,0.15798116030662435,0.14244079982620608
268,0.14127590898560297,0.17102113491191037,0.21466346160132177
1217,0.19680656197520613,0.13313325937328063,0.1942374520657529
939,0.18242554109343107,0.12869200809594933,0.15446824895945294
1014,0.2600242859799517,0.060712170156467994,0.48916849500242887
712,0.13724602565502153,0.10384034027881085,0.12387503310961936
492,0.6818896676183942,0.11116027510797259,0.7139318440078245
502,0.27601277238646627,0.15731417716638663,0.2105537880115062
210,0.15491956949100952,0.14539365635509272,0.24437984059162113
932,0.1867832773296004,0.13205569568348396,0.262283300091411
1189,0.20350601512735,0.14312158543685274,0.1843998176509944
428,0.208589619497463,0.07390653236331572,0.3764735560136249
1570,0.27840407076491636,0.12439156796699043,0.16689427910601537
470,0.47612634584194913,0.09288854081577042,0.18708602836199995
1576,0.22190627547224506,0.12959476194895253,0.146870745082319
319,0.19017023192713553,0.5696265404441645,0.10335429058712892
1113,0.5433235125420467,0.0902790198609018,0.1895848854787938
444,0.579742037033256,0.10141210409509473,0.23440580710803624
1216,0.1274074985602151,0.08495819625549741,0.17965406350178878
678,0.5342090992170805,0.16365384141749723,0.08590269982254664
34,0.18624125559162408,0.7375618270327305,0.1741165846785902
597,0.13999808876471273,0.07353835250112274,0.1739974362405582
684,0.21621794760090973,0.16172464578705603,0.0821874156592205
387,0.5059977752578809,0.10182369885799693,0.14173032146018374
802,0.6105174068204056,0.18117583511958518,0.04746083416069744
253,0.11656340611988136,0.1380290350515163,0.14867060852567923
337,0.14338823961056354,0.08613057270992008,0.13782864358096697
1169,0.6342386431140187,0.07875769446278796,0.18131333318778442
1286,0.3018626530879524,0.07716910187158244,0.15202050265944583
1230,0.24399157454562076,0.7380075757575757,0.0871841908295614
1527,0.4998117954850869,0.09393523407254879,0.19101283337512284
88,0.2173696491543456,0.09312499804515074,0.1693846847102764
189,0.41814187255904334,0.15926175508783005,0.3922616094063783
173,0.2409466154794264,0.11054770079488913,0.13624674736109582
729,0.7223897565981022,0.06209297418619889,0.3948502015575407
784,0.3047438530830855,0.11909274049600256,0.1926035224497239
995,0.2102710724764564,0.15247669883747436,0.1077198925859682
1464,0.19494724371468622,0.11155746578812047,0.14615168541861132
404,0.6150306738280902,0.07377699176508747,0.20195111529119983
187,0.48753233337337115,0.7991589163377164,0.18521056413014225
869,0.20913552363403454,0.12177576656262691,0.14690331361454934
465,0.17673798170668842,0.19452730955562975,0.6424555893296844
300,0.6002314779050815,0.12017604402310797,0.1640855152802147
60,0.19686078834957077,0.10037359685948642,0.1200570326760896
27,0.3101497846527293,0.42001099163124705,0.29104540638163473
819,0.37907583986354887,0.2093632702489218,0.19113492304099544
1154,0.2423951288087897,0.14898685250883206,0.4341936744310121
1040,0.08340950750591965,0.6732334569885404,0.5286830641197864
247,0.12227886001617293,0.08412121468832445,0.10734482887070566
495,0.784352564102564,0.16828418165946726,0.17149324998438645
1184,0.3082478756698559,0.1991291334082113,0.16914206007329516
1615,0.35744017314779236,0.07580958502704402,0.07908945921077122
1581,0.11891431809407672,0.24102794199194105,0.11869157895756874
1490,0.10689861484236367,0.10191433309320815,0.15782713391520878
719,0.155442729834348,0.16221211239031316,0.18242275956460197
988,0.1576098741773476,0.11699564642469149,0.1564761872024458
1502,0.22322717735358302,0.145552506361333,0.12134902874445011
1567,0.13643822832961616,0.15677706266976196,0.12503844185629542
1256,0.2243787764252134,0.12468955269883283,0.1701560858949029
1364,0.6348709365616221,0.10810552926737106,0.4132549448495088
1384,0.15079799946430902,0.07885309285314142,0.47761463397496834
843,0.21079123873526037,0.12316156723609878,0.05265255017232891
384,0.543544383313113,0.09054370292293129,0.3857898129105593
572,0.15250027376404895,0.033792608174617066,0.11156347113786065
1317,0.21725805571107085,0.7131184623741285,0.11870490879113862
793,0.1549246400007526,0.11980812294166787,0.4639313422685787
971,0.21514027502025926,0.2529626253256121,0.2669125560763888
295,0.19746231534656958,0.08957122865432936,0.16132231612813439
855,0.5080268517355746,0.10229893386071678,0.11251858429908407
1454,0.1909362938799325,0.14346889099515944,0.2348714829418798
8,0.3303019587538779,0.13764041457118925,0.19525491586265833
1045,0.22921476163875,0.18198539591713225,0.30655781467924853
1585,0.6784242687919741,0.4655082677900168,0.12866020499930694
1298,0.7890797191416739,0.1760070147539055,0.1763349242748737
564,0.10036698231301472,0.1303224127261344,0.4516652495707499
730,0.2926133771787912,0.1262751550930904,0.2888039977073734
416,0.14518472401615137,0.8046194348504274,0.13133836076656874
35,0.18731044190012688,0.11620493756210644,0.2346908049700172
186,0.09506591683034384,0.11070865723829572,0.16200176366823396
397,0.31045404340616184,0.2180696198122747,0.14565635976919508
53,0.5500442086648983,0.397790171990172,0.3110343162584542
1023,0.19160357220482055,0.115247537809422,0.1223948933842024
896,0.30530303267502845,0.0887037290685345,0.13270063453381648
703,0.4654628778646196,0.1695460343898912,0.19401842590024965
773,0.1305272558730025,0.1384791618970821,0.25008694503360235
221,0.22187544195812856,0.15146041566287066,0.1851129611151011
1060,0.21784488041385278,0.2224484678442008,0.18370658446356863
482,0.4472815416052876,0.14864866779807692,0.17079505446509796
755,0.25784582683581647,0.22357928812397496,0.15918426814980274
623,0.18506721138180177,0.08808224464883616,0.10711777090929145
670,0.3050242882458907,0.13191171671206867,0.23097986714628627
171,0.20120039115451374,0.6776725964287534,0.6535572138572138
1505,0.39264645912763635,0.19180436890736904,0.38918439285527706
1043,0.10887985385465836,0.06958389687672158,0.5233879647737585
924,0.2100948183277357,0.18492478026400463,0.7271151193743548
1327,0.12858626419695843,0.11150415533073446,0.17597474434536814
1140,0.14882769437027263,0.08546031291645238,0.14221340711345795
627,0.7347166166207022,0.1590596241775002,0.08802974094610247
46,0.34314069677435216,0.14462195538147532,0.1558107188506498
1309,0.15176439687541554,0.13436890368317386,0.3426385671808117
982,0.1882316484715022,0.13077380043088324,0.5668459873741982
1427,0.4430136967859635,0.19336551800767296,0.25467401083486896
926,0.28907030915486354,0.14855870204910057,0.2555176303567931
542,0.417103700463949,0.20609382130417941,0.38488171850168584
993,0.1620511899779708,0.7527579673209982,0.09168466825664144
1514,0.5899408620367229,0.6002872899966011,0.15395049985021408
341,0.3447854619602965,0.13212814869060532,0.25981397878828916
453,0.14044118336815228,0.10747688353767884,0.08987464191750544
195,0.11213217314127047,0.047382438567019715,0.11726435298698894
1223,0.44244734207826947,0.07878341111335031,0.12676391180353097
698,0.20077921923653833,0.14220248444130373,0.1962395520944145
1019,0.19096935402954945,0.21509434241749148,0.14581809897731293
477,0.5635047633564724,0.3161161734631811,0.22310920170950915
418,0.2434573739226497,0.059009529754176754,0.09941938648130061
380,0.45091723121497024,0.1098534934538977,0.13610878650165945
744,0.21159900504572438,0.13081465943683274,0.09526271319461267
1055,0.13121547697760358,0.6615958424104315,0.1017028333736344
693,0.7137453456816943,0.7967728453434113,0.1217394379530159
1328,0.22068931033378295,0.15938686814306421,0.05979369249415255
578,0.39646736821891954,0.3658011933748355,0.09313742398421242
1160,0.7718542191973883,0.11435043770738361,0.2843113181480091
1053,0.12539357143871152,0.10115400409085723,0.12276389115055483
1575,0.1400717177337319,0.10257229998188601,0.1226122579769724
1036,0.20717106579947497,0.13171595780249057,0.2841153730291211
494,0.1791613381930476,0.3508317614249683,0.13878619209776555
1141,0.11650982677214047,0.1172881856615683,0.09507262293484647
480,0.18812605266496685,0.21537730500294613,0.12472804856003711
1103,0.27798834094249064,0.0763480967255038,0.8468625148673393
163,0.15478101512821088,0.12841981002954456,0.2104748460842971
215,0.43728927855173666,0.13327965987465057,0.1945811494250397
694,0.22750575280157206,0.11070533349359833,0.7954270563798648
1274,0.29219966308888917,0.2772999136044723,0.11571901102746894
1191,0.15655578692899608,0.18874388186431085,0.26078248101427026
962,0.0795836506808303,0.10704190246928448,0.1292911683823665
1291,0.8365040157463984,0.08909731231899197,0.06345244218139792
922,0.6135202167610391,0.1432264629827598,0.22647149101171526
44,0.14825400901233926,0.18762582352068644,0.36633009964187396
1171,0.2465711911051776,0.08337939453097958,0.1927262399272602
212,0.4443246199215821,0.11114795457110288,0.17905820017128207
220,0.19304546821477153,0.13449302720596493,0.20611388567891237
1048,0.17294612494008352,0.10260996716561996,0.17994605845470046
433,0.19406902923816496,0.10845183182219204,0.1360854398644611
1246,0.5320545165834103,0.11007396344140727,0.585804864665555
771,0.49289197069203344,0.1504623493491402,0.14518541205068788
1367,0.1312242751526343,0.1499890469438486,0.712760355524281
130,0.1730079606808739,0.64633351087368,0.1122830149736276
644,0.1299571810098347,0.35958030765665533,0.39231582822136046
334,0.10832616234572455,0.19520529046909538,0.611381895485384
1533,0.22568044821972422,0.12376119127798413,0.2011540814166335
981,0.18491455859896608,0.15435464347739217,0.1384395434043924
1061,0.15430345300279638,0.12727510695963237,0.07357149003962943
1371,0.17216959104410354,0.16578630600450306,0.23444947011990805
582,0.26535652201510884,0.2169942977297636,0.10831640548312034
1178,0.39421650411330617,0.10381020214025108,0.493272315381805
1235,0.351969150662867,0.15187066800290347,0.22586254690360538
131,0.13254407151614817,0.3042925059537503,0.34886780471280554
1351,0.27500173834395575,0.19672346402362847,0.22946895134135872
573,0.17973327370862058,0.0783736865585048,0.15957870150894216
1496,0.3103847975222428,0.7614791262657005,0.10643556051552291
1517,0.35303696142588015,0.11400953105990913,0.17364572794897407
1554,0.16484534353708413,0.11588460084755764,0.4674507861404695
413,0.81625,0.1329992485585496,0.1836451612903226
275,0.1651342125468531,0.11419161992430955,0.42470675687978665
1303,0.2116646491414094,0.09512341826679135,0.7538028503466466
92,0.14128905042024015,0.07570461760261887,0.08865040899131323
466,0.29446055998916504,0.18229611335215343,0.3348700237352807
1170,0.15790292788250818,0.14895800831659192,0.7826079879993146
45,0.49735710488216384,0.22990625563929126,0.7989631651463107
735,0.16988362393684991,0.3365783547941957,0.12800698733108296
1025,0.6303571138871285,0.09531332467479144,0.1461779258591963
1264,0.14643729475398412,0.43755096675855115,0.24241696083929504
629,0.1860956691145412,0.13122558785390565,0.484599003685139
1066,0.2205538172739619,0.35441181447232706,0.2612951908350569
486,0.1707817902618071,0.12165256321461186,0.2034151612337506
1212,0.2624494756170354,0.6708363090117806,0.1917261861091992
1175,0.8181470949818724,0.46867187911418484,0.8099911994903263
103,0.33761849745096084,0.20000731825255913,0.31909050927963417
1282,0.1543726583911312,0.7955673635307781,0.1635810258937461
462,0.26117562568112374,0.14897395464655416,0.14265813356540147
741,0.1280266361517698,0.15357944926221226,0.11962212558790246
420,0.3492244017460823,0.3972205233596355,0.6042050102249488
1255,0.20243692860880536,0.1357734126757126,0.25763207251745895
892,0.2840760097431907,0.07093998707200239,0.18557335535670852
322,0.18855999702660975,0.14587738623015356,0.8370070478897736
491,0.6384810783490726,0.5524756846398637,0.32210984405211207
824,0.1687247616043743,0.08713210242000693,0.1468280233941702
250,0.09557869917392495,0.09436974154103499,0.060977549677995645
643,0.6753584488598543,0.5251154880647819,0.20312437381147996
941,0.3517305116728182,0.09326385306224408,0.1166744112341224
205,0.1915010379473854,0.10485446190399943,0.11409833293662733
1198,0.2870898468285141,0.07481468521951432,0.15883539911204694
108,0.15372204714871202,0.12978953549440117,0.15515747498248397
1266,0.17455915592785445,0.07489396481951852,0.325403174803016
422,0.45436774673953345,0.1876478800746557,0.24079403776210292
1032,0.11057782687356058,0.13103626237353427,0.09014100869764137
754,0.6199618662636996,0.09782881592860314,0.32194708627308677
736,0.282631675835016,0.07381110600990881,0.11026963914319346
58,0.0986631083989033,0.11556266966264987,0.07672100848121435
1284,0.45003965921751843,0.11781452676575054,0.17864257236051156
718,0.22802743478346002,0.4873660354701348,0.11448622075318583
1601,0.18519946449888175,0.22152570186078388,0.12817023080343815
964,0.14212553844027542,0.06940295496090448,0.47726050487826677
23,0.7432058620106872,0.16934168178202108,0.11856426974797048
71,0.16987575560343696,0.17338865755470714,0.20424194064755322
576,0.1620988586234028,0.12875857840258523,0.3689951481033304
75,0.3253382347299895,0.5542177110564429,0.3047911719425159
213,0.17495574342154122,0.11707494060270757,0.19275529196559218
1000,0.26645751773130305,0.1932816942206345,0.7087502244477958
1083,0.39480717163125023,0.09533532110266446,0.17749755152581964
1125,0.16511016128417697,0.06087570060348343,0.11019822608559522
1144,0.1293034814263598,0.1052697762237183,0.4485400413205582
1523,0.1450282505985359,0.14538387354922822,0.10170046372564227
937,0.1751420721982421,0.1437411856620509,0.21950049611153083
143,0.7779604859962003,0.6948484848484849,0.13531032049293046
1163,0.4605364679021229,0.09789980759757624,0.3012817862276349
1404,0.1517236009243416,0.12943036226010193,0.4280856645390873
675,0.30514986187053594,0.3141692592640679,0.18248802591995544
723,0.1849873090600828,0.1274679832683433,0.10738222135410488
1413,0.1766709606931492,0.6582147876150555,0.8574915329013726
378,0.13131197330941974,0.24837877610268347,0.24367305404929016
963,0.11815837910673789,0.2160686254445917,0.8300958770643748
742,0.25487463796251103,0.1389394067636941,0.12238754003914704
1337,0.1630999236929486,0.7048935342143082,0.14248215095183123
1003,0.17977457134868768,0.155996082357337,0.13701524541027105
920,0.21677436884603243,0.07991338272932912,0.1281930528101105
917,0.7155210332175825,0.07841618822796424,0.13876558469697042
1081,0.2905012636154428,0.09002180016269636,0.1663402970555001
90,0.25738604917776486,0.1420597066433229,0.18352335959714558
136,0.1971619816520028,0.14303787190441392,0.15798163618451438
1375,0.25143953014797393,0.11667763146966109,0.16928977023739372
838,0.6159692537690928,0.09264850172886366,0.11311758495520528
618,0.20235648496281605,0.12280563235978974,0.34011964855470256
825,0.24034679339147227,0.10628079031712163,0.1528742720206077
1267,0.606368164698614,0.0707209359798973,0.5710188873531881
1583,0.6139015333690371,0.05985389532913005,0.13256419310779458
1,0.14922465295358558,0.26881255110123475,0.16542976480200516
914,0.7384606527339895,0.17885880738170137,0.6222776677812999
1450,0.19329681355382422,0.6178105299201677,0.13987739316991077
880,0.15710735121524444,0.3707842426958689,0.16783591679027812
391,0.22416245849507072,0.15259358889722108,0.12258607695889484
867,0.12238027341588376,0.16286640438870179,0.5134282593979814
1292,0.5036562722867195,0.5215262479583108,0.17473241202776857
1137,0.13169867538511798,0.15322627898432845,0.15043072032067145
249,0.4238183633221032,0.17366252113987318,0.10445842099639881
272,0.24666610819995863,0.14152695261983977,0.20724268512124183
858,0.19436175173342515,0.1439971265946226,0.14160312610739395
172,0.2526705026402154,0.10000628224360275,0.21644772907621795
827,0.5112863795125474,0.09894421456596839,0.4936265085195751
137,0.21644088801786082,0.07660901150378538,0.44801491152522765
241,0.4001556412035663,0.15089924146828923,0.10473239502904835
509,0.6628599586720898,0.14996640227960228,0.13834389207943398
1547,0.11488844221350292,0.22250107144553144,0.09709951285711042
191,0.18252897816031644,0.093101044773154,0.1747706391953984
709,0.26156516812182956,0.2036806691269989,0.12341800200659392
1386,0.22549140941302073,0.24331884708926732,0.31528339442763564
1272,0.1288275140178974,0.08834030189444053,0.0772373417856102
76,0.3293950958922385,0.11014959173162421,0.21940740405824363
254,0.214704932730379,0.12233545195577297,0.2232200080051545
1539,0.18580119607951617,0.08400029062971534,0.14112044022218614
500,0.6976833068523599,0.43172196856197464,0.15823145172883624
1423,0.16636124328780116,0.11613386648031128,0.15561872016233577
1470,0.6442287439296674,0.5615425678014798,0.12726220181623624
297,0.12470014754574396,0.13199112119179351,0.20532153637389258
449,0.3721646208953676,0.30215900187878575,0.46678229446862285
1542,0.20664509052474742,0.1512561573443609,0.15769005774291273
639,0.7074075672580011,0.3879039777759325,0.4981171356207163
1100,0.18176032980932533,0.1939023090432594,0.3399903022019169
1215,0.1579569060097202,0.09810150329197499,0.16507077083383653
645,0.2250738379347728,0.11499901365348925,0.22853711225072368
956,0.39952618249890653,0.10762665275504732,0.1564379189242273
1052,0.24653945108474226,0.23547895909438707,0.1596894299517065
86,0.18606821264846318,0.6618633980412263,0.11429170045980402
1334,0.13978806424399975,0.11761789929408457,0.14687928867664776
612,0.28558142435221123,0.20755686687436983,0.2637890643833219
106,0.19249603357278874,0.15507598582662066,0.16768298713527927
160,0.4878008473118638,0.0797167034079453,0.10290193157883357
646,0.0989185097362552,0.08421127398139452,0.19203284651353023
82,0.6792581870347977,0.09603633757425538,0.15384306921607588
1085,0.2623362697866764,0.6375853923893229,0.14898261283501937
1161,0.210319477139408,0.14080966340114723,0.16128767946540795
1471,0.10950717731613892,0.12265471795401188,0.46617022930409635
83,0.5719656401437918,0.11084862524951312,0.8136846269193095
1372,0.6571392488099675,0.1623865289790769,0.09726372702840713
93,0.16205678667716192,0.09426150764663815,0.5470026980335545
556,0.1734766968624457,0.6941492078122695,0.06084744553941895
1431,0.8289161436848106,0.07815174327488732,0.09726594908347932
1558,0.37518866042908394,0.11342473374223992,0.19807464587287008
1233,0.1987716695064199,0.07943892950813707,0.16544915275982014
648,0.13241867591064022,0.6467569042373426,0.47734844589224956
1591,0.6161625097938083,0.07315343782364916,0.09632453679863527
438,0.7719049852847337,0.0552327985029098,0.4413469563655053
181,0.15476370054480926,0.18416764306512612,0.1845052265776677
56,0.19863735595397855,0.08485290063173034,0.227666709606384
1437,0.1506362818519996,0.14532995705445842,0.15243308763266888
1368,0.1287745055138086,0.18400461526452397,0.7984048567862336
1499,0.86266123283893,0.10715818083982973,0.1473963026481589
544,0.6989769363362316,0.7751501841910627,0.10224770729384568
1461,0.32741621536105653,0.09799758747210309,0.31468829073066606
236,0.6142727192516699,0.09530697764694,0.6979256266008207
762,0.24167398393899522,0.11826156846791715,0.13824146236817192
1396,0.3533821430630069,0.26841760813243726,0.3483300354359271
900,0.6306785149106184,0.14091038597891575,0.4955040269628537
809,0.633849886718157,0.08642890873748867,0.5001876661658635
148,0.14022131639563196,0.6688681836931749,0.11494900809719696
821,0.2133956691227577,0.17245361157463673,0.2248956165695375
943,0.2542627050859016,0.1524915195515579,0.18556187064725493
129,0.21268069272958157,0.13347094088834727,0.20830936863593294
37,0.27899859122886184,0.1440948178184328,0.6293031649469484
1277,0.13320291066005982,0.7158453143184577,0.5587733477330016
877,0.12807080650531627,0.06540554163695075,0.11759415992477856
1265,0.6402082315336188,0.08217117563196724,0.1826054179692845
930,0.23711411937932547,0.16232086790353484,0.21474976618674366
123,0.21999022448096744,0.1257175948878209,0.30136017576265606
447,0.5507363931949312,0.1273579349070169,0.15780502371768487
472,0.10396065477099725,0.13636771652051463,0.19947686369876838
737,0.18560305941940589,0.14549101524775387,0.19562865560855708
950,0.2495268692654938,0.3550789523339364,0.19896910678673238
50,0.1934481794597993,0.12315916657904577,0.11225423123953164
475,0.11711350865618042,0.08076472323081918,0.4700993501646028
385,0.1252473170603353,0.11037911897729394,0.8009426595068956
1613,0.11291076297708118,0.4762319923274665,0.1414979347803184
833,0.12236597981211225,0.10021871008973081,0.22487536463590896
323,0.16303785449953456,0.40522106667035723,0.4231618018235403
934,0.20071214223336134,0.128616715147038,0.20462423130015625
451,0.2500285780943166,0.2415328768392994,0.3564348085589021
1232,0.14700815920128713,0.3722577161629298,0.35606279072818375
455,0.5592482687283996,0.17165886645897926,0.7671510063400478
306,0.17239292422377592,0.08976761248553983,0.4403561476304202
114,0.2904750091787528,0.2534280397073239,0.20828217533599389
885,0.2606035936123982,0.10783112975516737,0.15015451861055706
1555,0.41781765002811333,0.07391477813195561,0.1739154291300415
194,0.17321763899587697,0.12506111308812712,0.3152490091278819
1012,0.5541284051656286,0.14884603327919252,0.10649324064095513
1202,0.3256283552213717,0.19781204904777686,0.22022073715626203
683,0.1868929476605433,0.10388515125505332,0.21555117510506125
546,0.11919481677946285,0.14689956312547467,0.4482255363707829
339,0.22234340605968445,0.6853132491651845,0.10754753691689402
619,0.15167639980370087,0.09563726419111918,0.21809968503180013
1439,0.14575509193438024,0.07371801608987469,0.16106096895818817
65,0.18929118818540971,0.1199119422559762,0.25508375626182805
636,0.09799148075403127,0.1047065249208579,0.16153060421201765
292,0.11152441995048142,0.4189796911654793,0.09017441372836268
348,0.8422364331742501,0.08453902811632846,0.19840458414971474
1276,0.41462516298233487,0.11385982843461205,0.20102572535535107
584,0.7628370852834676,0.08875288778039493,0.064315950395461
1287,0.14702089434385499,0.14157648923516256,0.5892514605417598
1519,0.3438690875058622,0.16477330192997972,0.20961327617596762
320,0.2613965969700518,0.21632931348783113,0.11569310526340817
1168,0.13494514315104383,0.0767214782226262,0.11166714264604007
1459,0.41291177109862365,0.15550708780596353,0.21872548246475074
606,0.1721205061335721,0.13775621827395235,0.28745700814949926
414,0.2645762810091752,0.23930783341628614,0.1498218779214906
624,0.11546141465684645,0.17587118450780284,0.11428415854777717
898,0.22471461786229446,0.19543472497634679,0.49232108416241915
944,0.08191182087270299,0.2616169648162699,0.09573568808320702
1056,0.5748456940449216,0.2609292124181579,0.10960555233570207
1406,0.26905189169265936,0.17529800719794128,0.7835612805040119
1130,0.7993062504239298,0.29106494954065676,0.078222143053416
1403,0.6201427756229918,0.13600964803423143,0.21005058348156344
1565,0.19197622102390022,0.09254827783851345,0.25983821338742524
208,0.4712760321670026,0.1095738796607166,0.1413725381938055
1283,0.13086615168307983,0.07329798532597215,0.09394092082927825
671,0.294562797591375,0.11779943048943801,0.19028072973247054
40,0.14728920945846205,0.15828896058183053,0.14391631305107022
1537,0.4460651999974077,0.5013846067240896,0.14755256234174222
1001,0.12673827787308997,0.08871564671837254,0.48059430540497955
284,0.4102397517454879,0.061967211241732836,0.30991060569878504
14,0.20725068159131768,0.1884699976446538,0.19363502195176585
264,0.17816701168446145,0.11335049660316736,0.12381957429873064
658,0.37595974241559665,0.11781423562285219,0.5011814928834252
1164,0.2561113734698521,0.1320883748508085,0.21268523220895116
608,0.5481570804020061,0.287784818784814,0.22145637721370842
302,0.3343972423136017,0.19867912080214067,0.4156571918040972
1005,0.5910568901832648,0.11878208737649834,0.10041859285398072
167,0.17506988667144413,0.3656337193128366,0.17905694059846816
1481,0.1795265335107182,0.09457871625687071,0.19039850739272446
682,0.6953838469608953,0.13935306544153364,0.6805973959913676
751,0.2451801376141223,0.1080152385239541,0.207265303054726
534,0.17554713987917914,0.1453209987283127,0.07433561001494034
1528,0.17132977744856068,0.09303311362095432,0.0932065528848455
1387,0.1854031779553316,0.08935237184252706,0.20593767045586578
935,0.14285121962524117,0.40847780611741674,0.16387326999887278
13,0.1047929051989836,0.09223083025399688,0.14049010028971098
537,0.3625474175934844,0.17874760052266164,0.15097549034547042
405,0.13815906541283984,0.15291980786379653,0.15265399506245508
178,0.3586521468473955,0.26526258253789237,0.2977237336575913
315,0.26311107773742864,0.11740458957110823,0.07907069971082813
1016,0.19481226610309105,0.0756123266079233,0.15047840271967913
1179,0.8127545443216994,0.15364125373598142,0.14760996394070602
1388,0.14960003402052247,0.15223886490259153,0.3933944836130824
118,0.5693210874387435,0.06401694832714426,0.06629235237092623
850,0.1437659472593116,0.11943047698846365,0.28038141922840765
526,0.2025675062255192,0.16144924786407397,0.20352378843776134
815,0.17334957749859212,0.08517673308846126,0.11699997443306116
1580,0.19105160175715524,0.06965440894264749,0.19082355525639152
291,0.20249602291688956,0.11687943436451427,0.3549442417181269
621,0.1755504309638685,0.20177776506269518,0.12172217106955358
1231,0.8716702704022928,0.12795905939165106,0.2892245632055825
1452,0.28698075255569794,0.17254870257085284,0.19106228511145917
673,0.5577085816338473,0.4114092690985542,0.17489714464462786
601,0.1820911125541311,0.2319287695459749,0.5857907282797146
1560,0.21791811040042686,0.09842790791416815,0.14050178083636936
245,0.6086757749989196,0.04883306169129862,0.15810698089939454
1121,0.6779762572829147,0.08947611521534662,0.16291956671704674
1042,0.5055646606152066,0.5920126752966559,0.23591469071264082
279,0.621249107687473,0.10124164600018251,0.2229453462550753
182,0.14099470298964456,0.7678478893106895,0.09448386170807269
980,0.15770012015464363,0.11437078179895338,0.29870616212106793
1079,0.3153630503226813,0.18736817035794145,0.08799215541604706
1579,0.5376971085933595,0.14552574073699787,0.13242107498818023
1330,0.1356010831287158,0.09888534299778834,0.8123341904871699
360,0.5306727227048624,0.19214327726896951,0.1213617459395414
1065,0.4615287404171948,0.08463327902162657,0.1310143335822969
609,0.18487874525492107,0.17696142798639702,0.22018755731980097
308,0.2111622537970878,0.135250960843742,0.25623138561352127
628,0.25785075146413056,0.09992193816435879,0.28669482295099785
1488,0.7397450587159672,0.1341381243947149,0.2018306657187432
973,0.12724199249521997,0.290392388461707,0.17062827147911008
591,0.22746304782689655,0.44996223644187316,0.5210300115866753
906,0.4292793021728884,0.22973758885052706,0.38955492473397363
536,0.19538046151432528,0.1578703525263755,0.1640007640421335
344,0.1343020133388336,0.10482310827351211,0.18980259266448776
1399,0.7341759136868599,0.7505371232860054,0.5110890387946222
1294,0.2058393804919415,0.0714284971427986,0.15274998920209298
1067,0.3187873216988715,0.18358817723636306,0.3415597948741179
774,0.17408242314688502,0.12268993002946456,0.12684373473206775
1006,0.30175417812518474,0.13307001865550927,0.1271442188545262
1531,0.3968825986165582,0.258455778764858,0.1859257173932088
551,0.13290870518250233,0.10693619620744373,0.1268431349858008
792,0.6622869251219801,0.4401792444673721,0.1725498473608659
714,0.18870560744111955,0.1546382724670274,0.48549418439971725
657,0.1355635764974731,0.08461498203800012,0.16800801041014035
720,0.6212024288642823,0.149626775711302,0.14048478359332037
1111,0.4903094683915212,0.42573157249546795,0.13089773551257916
1538,0.7501144458192271,0.11563984483198238,0.7256702495360484
599,0.1461168720416789,0.21898238695608693,0.09727434544546738
321,0.35579843889581,0.22601385998108306,0.18630957192267178
753,0.2658209607389433,0.20701625570770074,0.21439785512555087
1472,0.14773538095632835,0.1329375326228389,0.11933232115180564
1584,0.8086821305764204,0.15545998675555953,0.1888039854864281
746,0.1265365341153714,0.17097261205090997,0.1566971986472555
415,0.37022600563137664,0.09755456270571554,0.3853490770210335
961,0.5731022052639748,0.1096960309376506,0.3295712035449599
525,0.367028087867265,0.31856995379916014,0.22468920885187846
946,0.15282273614099184,0.128453358108477,0.6064901529211065
1208,0.2673712473831969,0.10864222022895927,0.1448133753529425
21,0.22685362633970818,0.14100377394549515,0.8078710178453682
514,0.11337713662578952,0.11684556878176049,0.11113517279230312
218,0.0839354984384204,0.09098877677906626,0.10020136060828287
1177,0.8298090169557988,0.09121461839424583,0.10817872342049226
822,0.25789168641893245,0.09157219660782333,0.2810353821371984
1058,0.5644300989340717,0.1373878563125267,0.2044073133863409
1075,0.2723277886730205,0.09220628233913025,0.16867388833811198
574,0.1073995915154886,0.07913935590512473,0.16253498871035835
979,0.19239309893374656,0.10593964346541668,0.3297336793497969
36,0.4491913144563677,0.5031090326745542,0.2626271125066583
984,0.28956710677594616,0.06869657715789473,0.1659888679454334
713,0.45375114415554335,0.05477586315142842,0.12288977226524908
1033,0.4091831144198028,0.1695619564697715,0.2569790301947112
908,0.14517636125487868,0.14351852104459253,0.8139424609609038
139,0.10981026821340693,0.06728299620239389,0.19577312060397287
442,0.3385224841045218,0.09129342366936316,0.16601008380763008
1299,0.3713437670914079,0.11508399729432388,0.13541114589736963
1329,0.7925433972223481,0.7365923457073902,0.09585456634685001
888,0.19255380802166452,0.0983831077310899,0.1786812750060881
955,0.407891931058483,0.26856361364273235,0.13466692905222122
782,0.4286054097164518,0.46810257220782003,0.5811410075081502
615,0.1616617365968397,0.6654575878181426,0.09199534278184764
1556,0.28801035781270595,0.17121622937916914,0.29421977584881825
287,0.19443862289355976,0.5993938670773584,0.1127886225442732
863,0.6715441182751973,0.07137466165051184,0.13858165016593232
649,0.17012370254929263,0.10971945839588976,0.5458755896422034
1548,0.1342386690876667,0.21690075165649275,0.11232752895686117
1428,0.15857730891059454,0.12875714635427654,0.2045058250426524
1352,0.17754133421386534,0.13012184686589526,0.18863328844744803
393,0.1932305553852493,0.10162697957812995,0.1512696937715281
1205,0.2264817246424934,0.08777397785650543,0.24452419358393662
1411,0.1672280107884275,0.34416366612360183,0.0969083648978798
1369,0.2044229136604871,0.18895965329799785,0.6351356330219804
294,0.17682192908052116,0.7581729544853006,0.14338847104217514
848,0.392571868381114,0.08468911629318476,0.24356958942830928
1041,0.6316352585729184,0.10992442012437169,0.7168701896560923
1529,0.1187028371239855,0.13298110036054603,0.23086272733971988
1451,0.19505662704210003,0.13851173942611633,0.1917137731277461
370,0.11307234562204346,0.16801757870351836,0.1635090224235219
722,0.2013155046642634,0.07876621251024565,0.19313521454081392
280,0.26238818703836114,0.1262719442055345,0.11321231228100644
1247,0.17829389427717512,0.4484102879934583,0.15208886839190558
1116,0.19853589467493077,0.16640053073876315,0.08358986104459191
1382,0.23186177957068832,0.1148414949304936,0.10163171529022896
479,0.1258972670138599,0.13659519526974503,0.4476814553459544
450,0.5629408126607003,0.14047858524221765,0.4893690533605462
519,0.4806117239570725,0.13870484687277518,0.18272882657770262
1573,0.10111308184323357,0.13043146525844473,0.6052278823377913
1030,0.6266353088995097,0.11412184844288654,0.7662950487569753
1062,0.1245335495339034,0.12421590808326867,0.1095445585767115
1015,0.17992317180730402,0.15443837929427887,0.1861172651403697
1338,0.1026102225641501,0.2942879937005194,0.1132597887151906
632,0.7465309092880547,0.476706077392473,0.08245305205767554
613,0.2681445888255137,0.14793707756817656,0.6375005183378382
515,0.38904174904743094,0.1799240198939861,0.14728842452182384
1345,0.6562154736535186,0.06962340930668023,0.09451850344775439
1344,0.2303615264075001,0.12311706987905766,0.7637380288226285
26,0.21629085069657328,0.12936834962646224,0.17341892364957812
1188,0.33598372703488066,0.21118931122864823,0.18125427086566906
1561,0.5519368651896372,0.19880788975744612,0.17773246860386593
1315,0.1661188972732406,0.6545383285410129,0.063341246443787
977,0.12852011479388595,0.2961949359865883,0.17121959413846966
52,0.11141248437573326,0.17790879814537758,0.18992019958835016
989,0.2002126673322872,0.21736258407643821,0.1313482193932338
127,0.5520222100148727,0.3625501355074913,0.5056550273226743
580,0.22460040198642947,0.17668091734089134,0.22610592585075814
1477,0.18231105621096294,0.08870620278941282,0.23148054465296833
252,0.2631261170457414,0.1660623764278421,0.28384988758190854
1316,0.2357786850814818,0.2198321117022623,0.16758507863540514
905,0.3335731040157024,0.30463011576679805,0.24254652964203557
938,0.5370054143377789,0.13353114684644257,0.7751118907347503
434,0.19712490338965558,0.1134063760496664,0.3211470976398495
1596,0.45705495709697486,0.12131104955519233,0.12101614767515749
