Client,expected_revenue_CL,expected_revenue_MF,expected_revenue_CC
1094,1.8773603797262153,1.7377158246267663,3.1222459863592045
1484,7.833468106227926,14.29812675628147,3.243688855223204
20,5.251716400939903,0.24621732766258891,1.1352500732523692
1193,0.9171221711276955,2.19040038122065,0.24043896152180017
142,5.070235972769151,0.8359188641589697,1.1931917426798826
865,4.933617802679695,1.9570044089624445,0.6065601090243911
672,4.609722019361241,0.6847547654174088,1.0481878941951799
942,1.4970622320977518,1.6266554786152287,11.02845891956714
184,1.6581292293864183,0.30360822522509817,1.7110869558231965
1513,11.308182183503854,1.316010875800918,0.9115343802009405
849,3.9823108428538556,0.326647412701043,0.7082638491369619
1238,2.0780733474341226,1.2261071371268428,1.739126961307602
1106,2.090987922249338,0.5980860233782792,1.2420482981170866
1046,1.6422124329030456,0.5266848307026023,1.8448367405326977
288,3.9462278535746584,0.2675046173985611,1.123351546017944
461,3.140501239407208,0.9144205128452784,0.34077342241549374
1302,0.5759465436818867,4.9405206234037635,0.5799356770413313
689,4.121287703603775,0.8550555935258232,0.7967818076969233
1305,4.481002137536402,0.9524591154159199,1.4578450659843285
1221,-0.15701570195958314,0.9811061263506385,-0.44557518123557444
638,2.2364597718632915,0.6521449061135955,1.1273362777519675
548,2.574335918472081,0.4000913216204826,1.209989578361945
806,3.071877163831496,1.2973696265702244,1.2049401782771192
120,2.1449507666231953,2.15914905395867,2.2466592941193078
1340,1.293995355873613,0.8676865496164398,0.15324345246007104
1224,4.246835813235721,0.84032240840352,0.6814556941692456
990,7.096635280206572,0.3082697361250984,0.07069484010946535
1438,8.515733339511131,0.48641967676422965,1.2940973340040829
687,1.1614029262011518,2.239240227196886,1.4226584885018139
185,2.6146297692237384,0.523053240904852,1.1175415820279684
1434,10.674117000005165,3.3192536353969353,1.4088670480555159
1495,2.127547972994242,0.4162779831717671,0.6031830636479381
278,1.1118053687683225,1.6003971733327553,0.888857913196732
95,3.914632946786942,0.09280484619223645,3.5077091367327937
158,3.8645325438867655,0.6210856022240289,-0.3883504709238122
1220,5.395893651265842,3.630744920038968,0.39117126592325424
1312,2.946260114673219,0.30625454281396924,2.6748775890057783
879,2.0532382306445918,0.7125734288398929,0.7037188402588825
1415,0.471872207689842,0.03789356044729938,1.6719440682932185
366,1.846161574719617,9.274648609394815,36.13770867023101
256,2.294070338588491,1.7380652125159852,2.056374116645255
328,2.835770455481735,0.9992430883510081,2.2107068222105175
371,1.0417140334775483,0.9271314367350055,0.9131014393825757
1214,2.873952745895363,-0.33263080794668815,1.090073160685533
1253,0.9275461783031751,0.8347862920382276,1.5389218469342194
42,2.815054520840049,11.4391203723745,-0.25415793830692435
805,3.9145840510101078,1.0736991902486632,0.7181175216775834
874,4.339305508357595,0.47882856656825784,1.3941586033995623
904,3.090354081609537,0.9880740629937648,0.7126508983049019
795,1.8080360222124232,3.06928366522334,7.769095625955205
691,5.912056643986923,0.8204258234759749,-0.23598139690386224
985,2.8225819250933637,1.1614017215039592,1.3298414823721136
1022,-1.3710200161272945,1.1921148973506515,1.2448958540879238
1483,5.630317110643853,0.5539733094718715,0.556319220691197
1268,6.210701504773904,0.12619011549335726,1.9252251375276133
1401,2.6426081559081065,0.5885242875871597,0.281772285822448
324,1.490063232305429,3.5166591214729133,0.8913114830629091
1425,7.533980180749973,0.4088959789174302,1.6988852556105316
1318,2.3292427354387883,0.6631114393836912,1.5046987839115424
1350,4.258411130264107,2.0537561640387656,1.5022105200484535
1180,4.322938413824352,1.0096351036523552,1.3849292543223186
704,0.6657256727557405,0.42421837122091066,1.7116143590214135
903,4.785948648043313,1.616551167383121,1.309954326931863
1245,4.109981843242539,1.1335342394151076,-0.591705237601066
503,2.5948464920456358,0.4440263213508699,0.6270339555146371
1261,5.269716205266488,-0.1924437956040842,1.0741320926904334
1118,12.043845758822984,11.850926108241996,1.253306443481295
80,6.526097235587584,1.9745014474083848,1.1515703573771092
568,-0.0015273433787907405,3.3319144542937718,1.1290731206290157
22,19.14350972115515,0.17248437527925498,-0.8478053556521118
890,3.45172702314986,0.6492587841718852,0.2261068601868468
767,2.568240626195741,1.0650679684892734,0.842690329813476
837,4.2521749229620704,1.0626617502923696,1.2663234446480214
1258,1.2323696183184356,0.474903956758454,1.6502669381234456
814,-0.6443548928663412,0.499170339719009,0.6480737767664408
1479,1.0125671165028867,0.6622717558018824,3.978918443858291
634,2.548221667007325,4.5815513663888945,3.5082316666429505
831,3.503494438218772,0.7644962510606877,0.9830034435255994
1348,-0.48987026652086557,1.9498629561533707,0.6563143739558244
700,2.68160549082168,7.990157779933787,0.7084399180492449
605,2.0717345633528716,1.3842972153603397,1.7083165848765278
1378,3.03005905113613,2.1066176128164287,2.342975064798607
1400,1.9548804133620612,2.4972879162805968,1.223991572776281
156,8.868953853011739,-0.6429309691847847,0.29551242869314737
1182,0.057627817372926195,2.10501890013152,1.6954152739484285
81,4.435130921115432,1.561947357555932,1.3561864072801333
1515,2.957943540796735,-0.03904885582488419,0.8079237423659579
85,3.1011936504076965,0.8403313436122587,1.5191177654810641
553,4.8116250616368115,0.4871011964811538,1.083631232200255
1029,1.517371261694288,1.422998767952254,6.695885012425048
417,19.5577096259102,1.1234539444417182,2.195311625661715
563,5.608237454458074,0.034291396269808795,0.8757662611068551
1376,2.9445140780010135,0.6270366138647014,0.707922029780122
303,4.355437130585073,1.1698566173072584,1.0021735760215724
520,2.976251952550206,0.9197083199375025,2.397252527355609
203,3.9610077039150697,-0.19088591057968357,4.001014612949943
234,3.449128509350645,0.4431026957399049,-0.04982939887056193
242,1.469954602601017,0.6157972802244993,1.4340926322389256
179,5.369628957742976,0.4323407270466902,0.48337949130952096
617,0.6523337348744028,0.6153255387843052,78.76774207769841
1159,5.657945205002615,-0.3034126101434034,0.2674294699954678
1333,5.038322633898117,0.9635379139541208,-0.34028333189005305
412,2.5318086574955565,1.5913165902286848,0.7498738719502708
244,0.9244149368965215,1.7985286087292396,1.4500472593843008
1492,4.334874432526885,0.46737538679473123,1.3163665038467798
1467,5.554241370736804,0.49598891111934557,-0.23704376708481026
1563,9.327553888174254,-0.2853925049212828,1.732266991739908
349,0.9893809515774483,1.66525648834584,6.670040235831332
554,3.3160658840069135,0.6481899487403563,0.8198268166130492
810,2.4735932580352986,0.5510985305774553,0.6637245415325436
66,12.15975212571734,0.9068163698477293,6.037523053813703
87,1.1013613285326382,3.890949235975249,1.2329473376869957
1034,1.8349192969651071,1.8302819251212172,6.7254292287294195
1166,1.735204585056925,2.0620213033969903,1.2336631268621499
711,4.556287767084428,0.17936610402870307,0.46385800909847535
1608,0.37004806450306843,0.787603332088329,3.4821788247235714
190,1.4741540600185044,0.9414821462484633,1.0332268919527834
790,2.1745899969076863,2.8691312507411215,1.443112260689103
469,4.561443047826731,0.20189764944715716,0.04752124956691174
1524,18.403899428713743,0.031166144665629718,0.993624896010163
1456,5.321498220575096,1.8804023462791566,1.4045032579346604
882,4.518678287868554,0.08549144431327577,0.7170166356279877
602,-0.2978548106890007,1.741703799167442,-0.1646428252718395
1394,2.682380509437862,1.148744451377583,0.7743682940380787
1155,5.797757721423862,0.27903865998099303,0.8618626766602504
801,1.0406497797969252,38.90011259370115,2.0096861919830045
1285,3.167110843933754,0.510676581470913,4.315145281325936
149,3.097278228369111,1.0968447025430492,1.0956626643278802
757,2.130080984168002,0.4586858533941156,0.15427920530364306
1361,0.029490612303585066,0.05217271231058177,3.0313685214777273
346,2.301269806799545,0.3599207669003294,1.1762606273621345
1577,0.32142287410717413,0.8088351425113077,1.979491119429825
560,1.729214966061045,1.2342826147901134,2.261911586778866
549,3.3059384838498302,0.18639884586916744,1.2868670069216832
1152,6.95405213917433,0.8277225720695047,1.9056033258507759
376,1.2514296096124746,0.6094710684618245,2.4695168579296043
96,5.106050970464052,0.2263543081892389,1.7481867426857542
547,3.5895711938901114,-0.4430540138648798,1.1140935861465793
740,2.2802653404613684,-0.30048388016536576,1.1585485701105922
845,1.2008107490704567,0.7987636218985611,0.9474467799205372
725,1.973790689707208,4.039743861133561,1.1237926024653784
1206,1.864459153440189,0.4801328980991442,7.680627428673788
1131,5.430936077650431,0.20763448036242288,1.5591427507272662
209,1.376241109141038,0.6995101001872686,2.139164799827881
478,0.7969733151822492,1.6773863022091053,3.2126665830521826
747,4.268431839378902,0.7488086158328006,0.3324888192839489
49,2.2061797177223563,0.948108209773735,6.715242557653195
776,4.384073457498636,0.7466844999775537,1.1056522740890355
271,3.199690583217148,1.057163124253172,1.0925051945258368
1167,1.4232081798142349,0.09081804752231445,1.5773062430362488
884,4.772462038003447,1.020994272193037,1.6368588268249988
388,2.342638488219041,1.5632650440226827,7.5216899752525945
1486,3.1454462922412145,0.6264891303148481,1.7520562859379445
600,7.602940645380436,-0.12556708255248133,1.5301936024886098
873,7.5446125678851645,1.6326688893190218,13.14318247216565
895,2.957329469749355,0.12962575070751015,0.8315856179035713
1091,7.696478917401517,3.215708856766482,-0.1398407118916248
1017,1.4636693829597087,0.2555389936263597,2.98190606312228
1306,1.9879671166228174,0.723432396160227,2.291466750463736
1259,9.187464964454241,1.139380603869957,0.5800459990608828
1355,3.191809736469954,1.9687987977341668,2.3447455382126856
1500,2.007890722654171,10.695708707430912,8.269893426321312
761,3.720414725720687,1.2242152948550946,2.083424210760281
1158,3.961540656909334,0.6465311627460941,1.5542187122431175
812,3.429259640102434,0.8100321792475921,3.006971965429474
1151,4.033050923200321,4.28699263864969,0.784020297398724
269,6.525308502371514,1.0493771423171596,0.5582211572026408
1135,2.173003476105016,2.9895623416163417,0.9274037160190957
1381,5.97993347523389,1.0388855998492383,1.5111531173845212
1311,1.9097027565534308,0.55764629399496,1.425150618291908
836,2.1464638064017416,2.364157145246788,2.380237297996944
399,0.5751891305581165,1.5430563888472992,1.1637443703099313
1402,2.3218409492473686,1.1874894124895856,1.4266972350965448
1600,5.680222638999854,0.3633457308929464,0.9135461145548224
122,2.4792915424087405,1.520368116960955,0.8926360733674564
883,1.8480466893906748,0.8537999132408838,0.900219067860772
1571,2.9271695231199217,3.4735647012481006,4.0530288308260705
1301,3.277024907619579,0.7934684748724521,1.1198199479105921
225,8.203947452848492,0.1489679768885908,1.1910545477591095
390,0.5310890868218372,2.786607286432543,0.6912996293051862
1035,9.747716424952676,-0.12062516338497828,3.222125856634097
457,1.8959464971166446,0.5032562483201354,3.303314083534177
1307,1.934161797727104,1.1949962587005527,0.05636771858382804
1532,0.9229994084575579,1.8307472661672128,0.11973104605519024
1157,7.687102536194037,-0.09398494680457571,10.554004137838488
1436,3.967920174502741,0.051456256588446554,2.2653111792228593
1592,8.473556856688928,0.6832379321513616,0.7361402426735333
1087,2.021367748375209,6.2781944018907545,1.0037249630698843
73,12.756061223471665,1.2688143490974928,0.7204114004674673
1084,3.1030483454826117,0.9188832486654254,0.47950485687023076
402,2.311791559608678,0.17530189669499527,-0.1494642761140732
758,1.6925802812989146,0.6109109741586741,1.2740874573904775
692,5.90748332194871,1.6102578605720221,3.1884841629356218
1195,1.7915497999109589,1.5592177955708293,6.799975010133185
721,0.2884659981318551,0.20675882603850523,3.809214073942053
372,10.043954600802746,17.412985309219795,2.1725861993099613
558,5.706956307330821,0.2268905508862191,0.9100233400493012
1322,1.0125671165028867,0.6389011038114194,6.091673120769071
238,10.406188242729245,0.3554065791559303,1.038419393109181
204,2.5294562989021605,0.9838171175553505,1.167686310535012
702,0.4518827381949416,-0.00704093535876775,2.2668160448799495
69,1.4147013239763762,19.157346215709374,0.9010796437788009
316,10.72424877046224,-0.20555710872943309,-0.09978773783750879
1059,2.2114121098980912,0.7401856623185287,-0.002922085151526469
407,2.0475068133557883,0.2770473606622304,0.9360328017068902
452,0.6625706819248006,-0.10080078540925924,0.501423199120985
763,0.8720358228050401,1.939782411924653,0.36339435077891846
1254,2.4838209219078364,0.43417170788078846,0.0858075296336445
732,5.462222430170517,2.28515233149978,0.5416313456143389
661,1.6077015228515887,0.743591680865767,1.383085979950777
630,5.7674059145989816,2.7651404994810327,1.5233467010418087
614,3.6934169828851005,79.08051967462109,2.5538737260738045
398,0.9787976051414846,-0.27267102868643,1.466671371156695
512,4.839416191564766,2.3712814900974526,0.8383761303987044
823,0.711559263374917,0.9887039806924371,1.4220395249324562
557,4.398903018923577,2.0578576548583185,1.8835404011835855
1143,2.2088393141708553,0.7202178355905949,0.8416713297572102
285,3.278910446116174,0.08263895045146477,1.3689808114391167
992,2.6291873295069412,1.382610298753235,0.4337942438860997
533,1.6071702861382204,0.37233570342505673,2.0648070745336424
483,4.7020798677166775,0.4846523876346774,2.657028513691533
826,3.002403742160153,2.741778137767224,1.8487736264619365
1408,1.713161533443683,1.3060561302605957,5.148389985019734
604,-0.43405163927380674,1.4265264841218184,1.1233902326664849
1020,2.6599232738368763,1.5907766956038913,0.29261687416894755
351,3.560911906455779,0.43784404741494204,1.3796976588937961
147,7.18658145473804,0.49686511952230006,0.3481321598747776
764,0.6193600673286561,1.1187646906804136,1.352204842666029
508,1.715596557422655,0.41848302409154653,0.19067369961342515
281,3.479384949594664,0.15310405064654015,-0.003204448581536324
219,1.8062735570061756,0.8651547313690897,4.0024559134645274
1607,0.4878137097638135,3.6696607286219525,3.008284144541701
162,1.9068498457237308,0.6072357793462568,1.3234880270909375
116,4.052977514450794,0.9011502836085069,1.4480525654560628
361,1.635226675254086,1.2008200588647007,-0.3135928845999482
1325,4.826022274428842,2.201315477752289,0.26867212097656445
1392,3.9323782091723074,2.2626593042807377,0.6817472769559261
680,2.8495362618435407,1.1657191192221759,1.487755779342582
29,1.637528912882522,0.3810258784005657,2.4748650032473822
437,1.201616816424424,32.81240968371937,5.078484077189454
1418,2.374828980641628,1.0750792289991686,1.0332599478562785
1323,5.220261992728574,0.2915843274712856,0.7310032049379978
1473,2.53565130102788,1.2894239637949858,0.1695174287805809
48,2.842333591168104,0.18136795660772445,1.9362529023513961
1476,7.74022542871305,0.11051818041999578,1.5502888906728691
102,6.719014112000178,2.3862464379209882,-0.7892117168821368
193,3.513690145334499,0.14962209656035888,0.8068924952254781
1149,2.9347126357017683,7.070015612725676,0.9965875909694767
374,1.3989564632109022,0.66989388614495,44.83561904997374
857,-0.11731377044024856,0.42843271314761205,1.6875197108100966
1108,2.368352819285443,2.260143793858579,1.211928471302892
927,3.124942334135316,4.378740816966675,0.7441178326946908
575,4.919098546251461,-0.4413318548947354,12.016997961337296
1453,0.7638987405623975,1.7855872321854018,1.1336600301058035
679,4.018088604732292,0.9734822366803968,1.5832397421343538
631,1.766550150860115,0.3810258784005657,1.3442513299188863
43,-0.8648941118361487,65.71223370468519,2.421856510337377
230,1.6751322403253286,0.5242821100299498,3.553029414533836
529,1.8591262594477453,0.7281683733431173,3.321633056471904
1595,5.954247239692952,1.6553895546410875,0.9845025884133096
262,3.578728207506974,1.1951927124191173,0.8408285548736645
743,2.1414307771421743,0.42881881858281384,0.2782480815849718
1379,4.148924355134022,2.4387015018982345,2.6777612828679556
47,5.111424446995803,1.215982584112241,1.3196553817199423
79,0.7383680639584431,4.489537141516273,0.8465374759744556
1293,4.9260732474400575,0.4422662904458304,79.63608327548795
6,4.028991239594431,0.7954837308443722,0.7114787219982184
15,5.095178942248142,2.6419719102228343,0.8614606507557531
1409,5.858186939718451,0.3329285597392799,1.6782998070275574
436,2.704258328410131,0.34602812118669085,3.3653376593464603
901,2.8043724578423133,0.4834555144706418,0.891852128524284
1593,2.3528136327227087,0.9407422105447082,1.277713152968661
1362,-0.8850665140422278,2.214582158770015,4.7284970768155015
377,2.008019363471853,0.6280565193162415,0.7448438562461627
446,4.9690618775051885,0.7006935584923151,1.8692766048727107
1269,1.2008107490704567,0.7987636218985611,0.7504872768170257
921,5.836971885632902,0.3017079512112972,2.4539744536715453
192,0.2014820631851284,4.974052563468484,1.424620031584718
497,1.2729112150621653,2.267285377961438,0.7448438562461627
960,5.366983428592464,0.32056099097298757,0.7143417106826482
840,2.5952763320577743,0.7324431148164404,1.3679410667846323
134,2.4620838000588496,0.6146219631017271,1.0037107779628456
317,2.956102341741237,2.862827288037307,1.4688493266516847
585,1.8086038509068607,0.4787139788622335,0.33732975105427837
928,1.4117959652672787,1.3773961437335942,0.7296642011615715
72,2.4021971399631643,0.540980820880075,0.5120417928098187
1383,2.2606652824300015,0.5881933212882888,11.544163651982391
666,1.6203652186929853,1.263830871972827,3.6563709964417073
1346,2.323973607066592,0.9530060070673556,1.1987764064337456
1068,-0.7009239947010525,1.2843569952603562,-0.04561443479626784
493,1.2057875943763041,1.1972336739707286,1.164829603516956
1044,1.1952644985700274,-0.14029442382161345,2.3264251395674376
588,1.0598594085951911,0.4086991493539592,1.1111823571836301
107,3.8566473966515384,1.3687533430739744,0.5324736690596298
1397,2.4612670454797,1.0787302773096474,0.8014647489741713
913,1.6277513234141354,0.03277084503293019,1.3701565603436792
425,3.6626844537438354,0.4619775958936991,0.5502218210126422
611,7.272673505977198,7.306539507324855,1.9371925262273706
561,1.295070954049064,0.7694322789332529,2.3682165761860317
68,1.9718143159407366,0.2617951634732133,4.807725530268814
1590,4.837239437540665,0.030850801139893316,2.2913701139075373
1142,0.6961093244003542,1.3891744880483967,0.36175467148760115
598,3.2949288894485362,3.0981261923805348,2.1491486344192285
248,3.873801944468782,0.4423585461021327,2.4527106084965458
1018,0.8493588894579082,0.8747798732886206,-0.4869500229677005
915,2.4876200642431647,-0.39970909387744796,2.134225134844441
443,7.323287090601111,1.4357748187932713,1.0291886406444493
966,4.134595566119461,2.052540336198301,0.7084405232128385
1549,126.37186830684666,0.17272370414332608,2.9918894347385785
1391,3.046861479287218,1.171672870777738,-0.08624128508201749
448,5.428570536263223,-0.2395193058264983,5.050288160619335
365,0.4128886433787962,0.9178417988107515,1.908650385240356
1545,-0.4692999548257819,0.010890702473440907,2.1712609430408993
408,8.47913395277556,0.04045799119405098,4.349980742108244
1279,1.70796767814868,0.6267723843788352,0.8826670533447767
1027,3.7417424193619104,2.6499621963994606,1.8390515251804742
1536,1.1114746990098465,0.15498230185448614,1.8306071391465382
1273,2.7757688810731946,3.5216033151212094,2.084637669835128
501,2.0209130101547017,0.5559868157839998,1.6221088315014216
290,4.125427244136711,3.3920113446064737,2.6928130003843136
1462,1.6814246880004375,1.3784571428895773,-0.11405382851566997
310,5.383299940198644,1.0399059811131302,1.606947482918195
38,1.2952775596280146,0.5059641365257979,0.2858013505200448
2,1.822631942913353,0.6796308562538167,0.988402465503245
17,1.3230155412768703,0.13498703810957058,0.4855840214455749
953,8.129689546616012,0.47785636067667175,0.918134892532133
1412,0.022877277887341313,4.698507389706451,1.8200575950026883
997,1.928378245154395,0.7304671436425975,-0.10995667698948967
716,2.4509370807340303,0.9582687834734481,1.376669752222508
970,7.01683850209605,0.7703119481228055,0.8672222148735593
800,1.5965976342216766,0.461778026621311,2.286754911350849
1213,5.453630214414714,0.6182467306143509,1.1376187040438706
298,16.719418183401075,0.5448742319129342,1.2530370094754937
846,5.337754002471559,0.7455758044275427,0.803048120410164
1605,0.8265901134225104,0.39265242873752143,1.807605557451003
1203,1.8213306898400743,1.0717355578722203,0.9847006511368457
202,0.22006073333883183,0.641922596627621,1.5197269735687728
251,2.126346994609058,0.48319250247444684,1.8672785623697759
510,1.4603305952715269,21.87143951095226,0.8255186095903521
67,3.6676832497943503,0.5670070661283373,0.9189969688583193
998,0.6567814523962273,0.36087619637879526,2.1351394353628055
705,2.077236388674309,0.422942324744901,1.9074037124310057
589,3.0619150827415282,1.1552294686284585,1.0187950573490576
1429,3.0202463250676423,0.9287115994282021,2.9202012427319075
569,1.0255725690668587,4.530858031725366,2.0512868154244113
78,2.80695822542867,2.106461548123429,-0.507395905534793
499,5.629132871639749,2.4562249097826934,0.6769975002060837
734,0.8680693882994719,0.3621191133893177,3.2159496599012347
550,2.62639404348992,0.26973056259360767,1.1877692307457537
1115,3.3595790088011146,1.8603452679743664,2.3675142734823336
489,0.5119590846746882,12.335242751097217,1.5412873561378289
808,9.023702447229843,1.3145293959387994,0.8117538537279828
1342,9.347027230744146,0.5286768332284735,1.2733774701333904
1190,3.1924254534221177,0.30705178048039894,2.504588448289809
804,2.671158802749452,1.051618090873666,0.8175912563493858
875,1.9711711105815828,0.5375196690200811,1.8405970092048063
518,5.171116336420953,0.32146542474238515,0.9171955842459185
642,17.577215507848592,0.5557479829480049,18.269645882644205
343,3.442944005530566,0.812080217687713,1.8906699942140903
1335,0.6593819031554247,0.3794799470434862,375.88022863407537
31,-0.4576556429799171,-0.022964321819652453,1.5136736555321986
1038,1.4917932044475963,2.358923948585959,1.1009854008961677
198,0.8024441098182308,-0.03614745262272596,0.38145622142524405
872,2.9699744164842525,3.0390561191039724,1.4164615272936176
1463,3.670677006474468,0.23120212745916405,0.15427920530364306
1347,8.792242734614186,0.5912823009199268,1.0965466875110446
952,2.521441176856565,0.1539802763642637,0.7347359056755094
581,1.029154204290579,3.8856294850409485,0.5915353795692395
33,3.1215453831550257,1.0948875627483772,0.8767709842874587
881,2.1014224015897836,0.5751147146334765,0.5713147805561771
864,3.3132273759210187,0.5761679537640504,9.096227502605409
969,1.3524737441029424,1.150425479325933,1.5147837759236913
1165,1.8473591014751307,3.107146409345786,2.746305892771314
1552,3.334574740458345,2.148203282929512,0.504415077993468
421,3.7298729647352324,0.8830242510479898,0.4451573512443559
335,3.669852058154726,0.4087279585244983,0.1615189225842997
1432,3.9381006050500424,2.150199383015667,2.0263535467432052
424,1.0581992188196159,0.7593215511159906,4.046651457461328
1104,6.941145018572367,1.702999532950076,-0.6443117726118189
177,3.0674772073463563,0.6073287895206176,0.6099499065335082
1535,2.2168671339988375,1.2886317915428307,0.5080818464527618
441,3.9910567751760566,1.1593433563491498,0.08672064148848135
789,3.4593689779458208,0.8220452947788432,0.05308040456250988
856,6.264927312043806,2.4432874220430416,0.512551053620958
395,4.0655964088079735,-0.12840185483716982,4.1277246845161875
1557,3.9661183725974554,1.847338428424343,2.47459343805221
222,1.9633794548814167,1.1744421436808639,2.7420093552626836
1219,1.3102989986029752,1.2046098972552568,0.8112195007981282
304,3.649066351999117,1.5866018680554435,1.1289169664931404
911,1.6999045357149714,0.6726188862161123,1.5872330341651661
1582,7.268145015808657,0.77815738215636,4.915372705621632
662,5.967464341123781,1.0103215700708847,0.7527131961999044
1197,0.3191534156031235,1.647258920955455,1.8271993715645034
770,1.7514276644440552,1.379555144306206,1.185390393730331
1239,2.009400924408561,0.722760344326308,1.5180566573656595
112,5.636866605251091,2.074738139378107,3.019397483283253
1199,1.6697273349565525,0.24357283448365757,3.274712972735403
1574,2.174017679903931,1.9026243902064233,1.0224781126938631
282,1.5865262182268174,1.1507770849956096,1.4524570173041826
1209,3.341235025101391,1.1496660668252996,0.47998627823563855
552,1.2821112375981152,2.637769560557927,1.3400090872869561
775,16.292855385494324,3.566089800922378,-0.008416170577107335
1275,0.5515465825256533,1.179660832932116,2.588171646112565
739,2.6835712999510837,0.6156525429009668,0.841690047342657
907,1.4494485819149836,1.2196542827532066,1.5956823294829583
1572,3.0203472851298137,-0.13484304469778183,-0.6178934225045123
1011,2.606702747910964,0.5716496014321782,1.363957525662961
527,4.302017723008474,0.13786499083663972,0.8725985065802948
1109,3.351667115019565,0.039515944608123174,0.3909045168096129
1568,2.6027334457443594,1.1184335713448341,1.313478762792342
132,1.2674107986214231,1.3167684017581536,0.8289945650193301
327,10.093383571623848,2.0062484608668245,2.5214165361607823
1506,2.618799058533899,0.6917635710150901,0.6571416511386179
610,4.652138224852046,0.8695519259191534,2.179968141254988
259,1.853752810049912,0.6290252381866152,0.9000495829840288
745,2.7668813281884805,0.3208493527721889,1.1677071931743659
653,1.5755602585153536,1.6487538580706342,0.9040258977926565
157,4.374367927220357,0.4245218491589253,0.389411222601367
1612,2.5729772319367554,0.3020099757690272,1.63054373883226
159,6.286201911960861,0.09476531118686907,0.5924819342890318
777,1.2802173207834608,0.6652729115373995,1.230434164341404
1353,1.3846309856918564,2.065565044511158,0.9973186450555038
1070,2.2917386485599516,0.46844056625581604,0.02659507124603381
1078,5.052727538685766,2.550111702750503,-0.2654140057724064
1290,2.5344741574797,1.0282191370710279,1.3042309815901358
663,1.3556856955603187,10.1842978819722,0.9040258977926565
918,1.0780236057037027,0.9736024162285803,1.1338692318582775
363,2.9324386017338115,1.1457308128710992,1.1265028026352601
277,2.6147561867452462,2.0961328768277796,1.3011926881178695
1117,16.017452388630566,1.2286234589672578,0.6867357055460954
481,1.286016866480679,0.8678152622987169,2.791424310240761
113,2.8643435534092356,1.0176079321585356,1.9700245917579955
1522,1.3829141862350642,1.977033167465104,3.408783020720359
1564,7.763112240837375,4.780882392874852,1.9914167437555776
686,3.7959854968500912,0.7259083077551534,1.8880140258121592
1236,2.4797269133548774,0.16594174042858675,0.3852610962387505
1128,1.5752633534271745,0.8875065328740381,1.7730286495613874
947,6.4208242103540245,2.821594464276844,1.205196087336272
859,5.262026690838127,0.4074719707868987,0.7022786092092594
1602,0.8265761884260404,3.1272095316850756,0.618621260364344
593,3.79073229367103,1.7150698663345791,0.9871435237254447
1417,2.6186114106085787,0.14006047557100101,1.496411738452705
860,2.6616722899603578,2.707271854010445,1.0435240513665067
445,2.669904310026214,2.263600941237365,0.49333007946940133
1099,2.0682562621689953,1.0430082932487414,0.9281558342339468
507,2.994809830475865,0.5818769420875796,1.089026431358866
1442,4.237460532476887,2.9276220216443427,4.152721981149232
1308,3.3277242746529683,0.19695874029756438,1.1123914413272542
1469,8.065778257376813,3.529109435612553,0.23646266218648634
1534,14.393207567052217,2.195510613899276,1.809478239273837
1196,3.7713695176858653,1.4002073541685123,0.3852610962387505
268,0.8185100088241156,1.2194961797784691,1.1640575207982844
1217,2.5219331875472744,0.8867926577065663,1.7275763704648395
939,1.610931576390433,1.112787262317008,1.8215559509936408
1014,4.121256622275069,-0.09159734751980789,3.190373670423737
712,1.9638045788406548,0.08529872321662196,1.1015910124857
492,3.997006244254663,0.16531404237266933,7.229170897730576
502,2.7183487993946533,3.0433276534212865,5.514266337088103
210,0.8587436690937074,0.3852353937197007,1.925854319980607
932,2.550565222188965,0.030382391160931298,1.345203565184727
1189,2.8592660970488533,1.0376299195642984,1.4810922084416742
428,2.124344633895157,0.2950991503017992,1.5684077534783178
1570,2.891967982264296,1.1017893375011072,0.7305512433383214
470,6.514712978151443,1.5289470599616004,1.7823343910867104
1576,4.277161054675521,0.6824657772605263,0.550223596142435
319,2.12254448976806,4.140960751613677,2.607087605129815
1113,5.016943616614001,1.263987917717465,1.8022091372013775
444,7.314378374483389,0.6072241335357579,2.008283194433069
1216,-0.16151703551554195,0.7151351443278398,1.337230780946029
678,13.749796038005014,-0.09266390652367537,0.07268987316228959
34,-0.0960820938534104,0.8866383196826166,1.0075581633233264
597,1.4545250438556283,0.9947074196272081,1.649063846513184
684,3.7505484865546648,0.6791621238614121,0.874134557634386
387,5.931201613654409,0.09996483187152386,1.1905598886623225
802,4.8032993967406155,0.8870556733802643,-0.15092364108388037
253,1.9321910015237953,1.1143862661847044,0.6011207032811607
337,3.19372122290293,0.33415436130221454,0.9024517216928821
1169,8.773326313855778,0.6901355544326934,0.5279997118524882
1286,5.010600693297189,0.2558199993551653,1.5402648807095791
1230,0.5010735585608388,1.541586028069211,0.7203522173831242
1527,3.491422353717636,0.2267451263386359,2.5715035785100446
88,2.460580625922693,0.4742537714922091,1.589774120669105
189,3.0239695242305182,1.2994275338013788,1.2644628773327364
173,2.4797269133548774,0.27116198550130116,1.9371946062532275
729,13.482084926804225,0.2767264098885856,0.78692752114366
784,2.3680314222423737,0.5850793005274009,2.5843714846710846
995,4.243219838760612,2.207354869248686,1.850193804754287
1464,2.665112069333469,0.531434191115509,1.3699150690381725
404,12.514583195499915,0.06278594755586517,0.7126814168925071
187,8.207884068044656,2.227664908195544,2.024694829896667
869,2.9967567147132548,0.8023731740306103,-0.0350677367544427
465,2.4452375238765915,0.23228293131084785,5.799822678735229
300,5.1533541178041995,1.2829980179507159,0.9965303774450713
60,2.6205786256702686,0.5423004628127326,2.050448098515186
27,-0.0015437216210980962,7.430015889624121,3.343381408700097
819,6.890726081063087,1.521384706157731,0.6475372352720246
1154,2.580233329206795,2.0988716809245753,5.557527037158489
1040,0.19735924706157676,1.8584704225546913,0.6332512171010944
247,2.0629438289969793,0.9119719323194793,-0.30589391579192887
495,5.15765977098989,0.9702914520833597,1.8546248176651978
1184,5.162458681116664,5.195654677699417,1.3889195097337619
1615,6.142668017870251,0.008356998972444574,0.9708383434433936
1581,1.0316842892839553,1.5531452685496328,1.3921293792334892
1490,0.0944859066935007,0.06335110688097012,1.4978375636222765
719,2.3103623358670915,1.2337165234710616,2.764556207296312
988,1.3008086337029436,0.32068538722843765,1.5289904773704743
1502,2.29849180272503,1.3442182391639281,0.5603652914285158
1567,3.0570703533606713,3.962255035406717,0.9847006511368457
1256,2.7597056984781143,0.7595877353082553,1.6206074560042514
1364,9.076598026284437,1.981494803448718,6.04722655084816
1384,3.098914713570214,1.2070462618723448,2.524721073461384
843,4.309675396282112,0.21831395505118653,0.8794691261413056
384,5.632704123901524,0.8819819282192862,1.1515703573771092
572,1.356500479594595,0.3775464296937891,0.5925792156776716
1317,3.8685094070258477,2.6363389347274615,0.9726957158030408
793,1.5278997185100942,0.4250460061983734,1.3593458935187475
971,1.2629575747896873,1.6595665340646961,2.5069843954538737
295,2.3980037309509843,0.5727210708953873,1.247112257997358
855,4.221135344969821,0.4747745974818402,0.9908034511927647
1454,1.470889840580871,1.047524749915595,1.593274673785419
8,2.333411941513196,-0.011359055387814187,0.4236785910352837
1045,4.070066612015018,0.8893670337788987,1.6473234040839269
1585,9.044981160520242,5.437695432502388,0.15677580016545978
1298,20.409199819980536,0.8195087631281469,0.7196546923139616
564,1.2630744596706567,0.17446093945442903,5.914141470523192
730,1.5933906133229183,0.6094710684618245,2.2256146010129982
416,1.0732367422559022,9.240262638708556,2.048971546508013
35,1.159197303913674,0.8950669486713215,1.815045329404691
186,0.7682993693674186,0.9460314327337014,0.18071142438289023
397,4.077102543962138,1.9323452112208435,0.7143417106826482
53,5.797497559693159,31.153512399334208,3.3749833995152687
1023,2.7163279403971434,3.238980841088181,1.1588013216974917
896,2.5610514173779855,0.43450838072871745,0.7349269294974811
703,6.467396773673564,0.47776554114705744,0.9208084516632467
773,1.250139309509588,-0.11089212245465738,4.751975502551687
221,2.581012118336468,1.3754698594788095,0.8577820219684101
1060,2.107893332729715,1.5924922769349292,1.4050458933828736
482,3.342310820287374,0.9701569350018213,-0.062389402148697544
755,3.15867513927637,1.3904831465337824,1.2806099270655051
623,2.906953895572975,2.0860077640660752,1.3642146093998726
670,2.387386781311967,1.2030438279494444,3.016915007168752
171,3.411137942926051,3.3326362948917345,4.646787965868429
1505,6.559191792079153,1.1045667662403515,3.5502615368730015
1043,1.8737371826719404,-0.20969327845132324,1.6074489594508017
924,1.2148488811453162,0.6858292789366702,22.260095439427054
1327,1.9878926658043068,0.5124514097258859,2.334791047058965
1140,1.3475815035169867,1.6578650931484278,0.8341783384880583
627,9.701208651415232,0.48835247094461215,0.6039793397427767
46,1.6851498331825754,-0.21718776332519132,-0.3711438006983335
1309,0.6821585954281286,1.4661912607725993,1.5255034415721092
982,0.3425564163355711,1.1490182072699724,3.084388506339758
1427,8.751660899818216,6.935209345565287,0.6462994831481129
926,2.9948711319975994,0.37140025104830127,3.244186185190162
542,6.685377621178456,3.323814346711424,2.0843386477578596
993,2.633581895324266,0.6111123278294461,1.0409473178126085
1514,8.436203205975744,3.103641838979088,1.4923439892593027
341,4.858063626675302,0.7315797875333486,1.4340926322389256
453,1.5603416669223564,0.8315781602985557,-0.31186736381379315
195,1.9915190532273848,0.22575698926985807,1.2319540372658406
1223,7.299517593105132,0.7116633811904269,-0.4843758251258806
698,2.0159176113276827,1.5605462910243648,1.4079904569852912
1019,1.6170424022885932,1.5991637493797413,-0.3853983529140542
477,5.261590104319152,6.305362359021552,1.172496626434686
418,2.6648134515712023,-0.06848466325155556,1.0159279381555202
380,7.416691935091959,2.1152640298649974,0.8255186095903521
744,0.45100543661680637,1.2716240631242781,0.7433942695817662
1055,1.0514695670532412,1.6744319408471133,-0.8331149518732157
693,11.928723107816014,1.4618424904438188,0.2903496126554739
1328,0.7895077971230352,1.5201272147659972,-0.19007353616315284
578,4.086489557834225,0.9277670543121832,0.6212041805321872
1160,7.6411330102565,0.9834573569048287,-0.05613597884613586
1053,1.5801894023484504,1.9142464779645538,2.2008600292802414
1575,2.2772043207399744,1.106022076330149,1.189896940860569
1036,0.9724254150692504,0.011820430999913374,8.766269957848031
494,2.6313433655050393,0.7035414957987182,1.415926466204339
1141,1.0583003131763409,0.42768937878753355,0.7504872768170257
480,-0.4346373931420007,1.9293853888973518,0.8017634789500169
1103,3.8382164369934166,1.6211622607607379,4.920371468494317
163,2.4392147853069828,0.3856736767755745,0.38927345324312984
215,2.4241829083630244,0.45976133207450315,1.239235094465036
694,1.7204194233615047,0.5287510743879483,3.3723212624039967
1274,3.3466995512854916,1.2278502181368935,0.6655573859525611
1191,0.10525688150143958,0.286182016283583,0.2881796532171931
962,1.2897582421190181,0.44325640049956705,0.8255186095903521
1291,11.131893949773076,1.054501045416783,2.061398344091706
922,4.853376469646133,0.03028378361215202,0.9262886858366425
44,0.33618460224962915,0.4272162087019394,1.2108395079071346
1171,2.366470090461189,1.3694764100139603,0.968917080441364
212,5.394769595579978,0.6683963453289768,1.1421957334747714
220,2.2072634663856068,0.32622889483100004,1.6407418423394673
1048,1.1185014080014635,0.6686802362586575,2.0305740066783535
433,1.5674195088080025,0.7547245988122863,0.9732827676634086
1246,4.374822920927559,1.087411014208892,2.082918743298082
771,3.9058767681542785,0.5452092386271532,1.4289743858111486
1367,1.6633836582884578,0.3112355566413095,2.8254927864619415
130,1.1249554142512213,0.87632221724034,1.2856957870473473
644,1.3008938176055203,4.372334469842372,2.253082316248993
334,0.646437168801785,0.9014919038569361,3.0613818933048815
1533,4.800100704694595,1.0753332641994042,1.1230712875165516
981,1.9759909138095166,2.785178468598345,1.0430703203162304
1061,2.232961513737122,0.6219857702184078,0.3171260889057666
1371,1.3255095715613319,-0.34259991274505724,0.581313752228097
582,1.2295914406865596,2.1039406595431083,1.088713037536605
1178,1.41591581033065,0.04755756943113713,7.226775540229146
1235,2.3738090656177055,-0.4236262522965518,1.7694609355033835
131,1.2127945549957027,2.017553820227578,1.3534178788947366
1351,1.3486117618880251,0.7446751704377556,1.8186248857282261
573,2.0770119365547957,0.8072867004559933,0.9877447803436054
1496,2.070231636913671,3.3940862846743767,1.7341255187956583
1517,5.032677739320019,0.9344807238819915,1.1804941675329692
1554,1.0262460344129485,1.719038140191321,1.952298299763247
413,9.985918284284326,2.09322040445186,0.7814354031044765
275,1.2316879259252107,-0.05726076186024738,2.246226342241989
1303,2.6707894942730417,1.7118119081054066,4.104857195374484
92,1.8479915428630975,0.3952816265793669,1.2638512385182221
466,4.512624496375506,0.27903865998099303,1.3796976588937961
1170,3.8351678370581355,0.3816560148860465,3.168678826904719
45,0.6060881499785415,0.4525159067331306,6.416728985534102
735,2.5294772977511695,0.4395573160999313,1.5336332121293221
1025,9.9274423821363,0.04151815324298522,0.6861980639582475
1264,1.4190461184806689,14.693376190428914,1.5653916283128786
629,2.815355956315887,-0.1183608056902042,34.97073916566253
1066,1.8033471339924343,0.6094710684618245,0.6004522076204027
486,1.0651609810779767,1.0839806531444451,1.211928471302892
1212,2.76704754780723,6.463000683684266,1.4837261113182496
1175,9.978479951378008,3.781956335487257,3.6047893014732217
103,7.106884140500943,3.8054566909615066,1.1402094354031485
1282,3.0199728748361614,1.8391395618782105,1.4688225984523544
462,3.3051464962733546,0.3461804496721725,0.23954359913428017
741,0.5761243685379702,1.0222156171791488,0.9555633827538978
420,3.8556753108438837,2.413224790932079,2.4126095032857737
1255,2.0592027965844726,1.0082603367285348,2.230009079326379
892,4.27140224144283,1.1783111733361769,1.2547280397130562
322,2.843442014240997,1.2026068305025002,3.870930939859485
491,8.394394542345697,1.409616287482999,64.34406899682618
824,1.6261687249264143,0.20689360386817948,0.6782859206784144
250,2.459840811901902,0.6331860608289671,0.44941253810688214
643,11.829538836714963,25.530095369575502,1.302798792778019
941,3.189219506955763,-0.2075860115116082,0.7476290346382779
205,2.2408824345480216,0.34033926949257953,3.599660114074909
1198,4.255446075542512,0.13001679655628923,1.0193997677216446
108,2.751168671280239,1.536420786282646,1.371099427176015
1266,1.430095254911117,-0.10376202875871732,1.6115649771768228
422,7.280992917971809,-0.046444989107792996,0.5996351069573086
1032,1.1013613285326382,0.7516844772212429,0.6698125234728363
754,5.495765178576918,0.8550766668418102,12.597086549134065
736,2.230712381356287,-0.34767460846384507,-0.1840862797837863
58,1.0455684229580295,0.8367506627401883,0.8465374759744556
1284,2.8291671095555166,0.394543181555675,2.2297507029290355
718,1.7934626664759608,0.66059483237761,0.33172112252296215
1601,3.401108860031216,0.9004984020078035,0.7117906199469801
964,2.6818113794258056,0.7883508842018854,1.4117614339300524
23,8.997334257599837,2.3944957272478367,0.48232796175173076
71,3.553527677439202,0.7256108421107835,2.101197054231316
576,2.5867794260050783,1.4477518789774966,2.047196067358654
75,6.8914440634266825,1.1043828308075325,1.144514110107891
213,1.1245822711979763,0.8143437106231937,1.0148924450839496
1000,2.12003934041839,1.2409750770737404,8.088133553595926
1083,12.516882702355309,0.6209864358562545,0.7354834114758979
1125,1.6303696113959631,0.32848335468874607,0.029988934318303004
1144,2.1261133530418577,0.06675871336779793,2.4041952080113576
1523,3.084433569850379,0.8610833926038364,0.45009355804186696
937,1.656020133465036,0.8354017057834647,1.2635765765746974
143,0.3839686176003066,3.220923914830691,1.5624581515676417
1163,4.4455424403365305,0.45976133207450315,0.7624039365966315
1404,1.9334878112814395,0.3129116473185488,7.504071379181942
675,3.5810976182979473,2.1857165665228937,0.9193979391198958
723,3.053782835628223,-0.4712146186595565,0.9212429299129472
1413,1.0321954719993323,3.3079693408080963,5.322414849149895
378,2.3941977586563845,0.6806840389624055,0.8249637297711689
963,0.938112141739244,1.575216627557475,2.279052314257262
742,3.0469983236941576,1.199205617201928,1.3534178788947366
1337,1.3768327051098392,0.709833745860972,1.2480069581004636
1003,3.811297818752907,1.170904979158423,0.3909045168096129
920,3.328448607831974,0.7720607647117566,0.38773096535804324
917,6.2186938199925645,0.5347260168864721,1.329175057495684
1081,5.808899895518558,0.7764982730686201,1.4842419988159874
90,3.334676100986355,0.9427549113120361,0.924442770145293
136,2.3969130713862103,1.0966494016572979,1.184559727908075
1375,1.667974731232752,0.26183172585032666,0.8819268600164335
838,6.722841097256069,1.0003080349960942,0.7540793876007049
618,2.1332364992986106,1.1762075755412758,3.358108785979289
825,4.4888894500848195,0.42278779679009043,1.1628928195093389
1267,8.814950791835699,0.1921028186440866,1.2154696271031982
1583,13.47118502943067,0.04600823810115757,0.9051379507468545
1,0.08669993852912809,0.5537844860246166,78.9118039502724
914,11.320877395187411,1.0012875872857565,11.864218522710413
1450,2.05146768361306,3.74205410177482,0.6318208496626889
880,2.801999869729303,0.6647099426357047,1.7334014595182952
391,2.079813465795055,0.48912475043088877,1.310526050149139
867,1.040355571901375,3.734842389764833,1.9713447475582793
1292,8.474781546183648,1.1482186662098117,0.694118342324145
1137,0.9089786146445816,0.7147053627954876,1.1531027284141429
249,7.662782440426348,0.23683055190186586,10.751525483522933
272,1.9048232713805455,1.0366254175458176,2.025364464799266
858,4.246147202956856,1.147158841453572,0.6585835591976117
172,4.244415343886598,1.156637626089205,1.3753495964222244
827,4.330824086838556,0.20467329193810063,3.311715088362634
137,3.274250003168162,0.512333771776131,1.8289634111056372
241,7.1086329505815735,2.1714758161118475,0.7983750588168823
509,8.897753845487033,0.35219321575873314,2.423872299623196
1547,1.3528426521381869,3.1566651630147353,0.6698125234728363
191,2.5044016640449382,0.7631546363863763,1.559567024248828
709,2.867905691587115,0.729181315865026,0.44728359884027086
1386,1.8826121779823164,2.1058080548527602,3.8811086395266456
1272,0.35654792442615124,0.07307202571917318,0.5894287126813018
76,1.5156660101231432,-0.07742350547594307,0.7736565885304142
254,2.5197002147529646,1.407626013978711,1.8805458360162322
1539,2.047740776332919,0.0035972934176293145,2.1641549751280444
500,6.816808873933551,2.5020135380295776,0.31800872518949724
1423,1.4833389830384298,0.4971151843003834,1.384802388681004
1470,4.707803010094087,1.5157262843128776,1.8749056081194535
297,1.3955101158128749,1.46805660356316,0.5895624427056365
449,4.50780529948884,0.763480075171877,0.13297616621662267
1542,2.1736284303187463,0.6942216069336121,0.7461392143454534
639,10.985755189534974,3.2701533101618887,0.36516168197092497
1100,2.82198821351514,1.9658252284426583,0.9526609830387043
1215,2.9760325041627484,0.8922482161729973,1.9772256379251618
645,1.8041430297726289,0.4858630849849835,2.12222740013198
956,5.561527171535884,0.379466512096385,2.3788999077367747
1052,2.140998729004707,4.179739123774462,0.8676219595957387
86,1.787559240785419,1.593464606029517,0.2644094484329174
1334,0.9370751364111425,0.7592965338508042,2.6441650889199915
612,1.53230781020444,2.0968741132751525,234.0245846418233
106,2.608464316910763,0.763677899225297,1.2371986568299167
160,6.491363827594545,0.74156767901916,2.3597098178993465
646,1.9764786052088443,1.3330705268840968,2.8837667906645623
82,5.472684993251486,0.42097157278921854,0.7289848785869796
1085,2.2363258230929124,2.2521465546695425,0.21692463260803638
1161,3.1606780423380947,0.8170478306365112,0.8967791766419312
1471,0.44201818847732444,0.41791294445482086,0.11764529017133638
83,20.370443371255366,0.7102760216436204,3.8894944899602506
1372,8.608988564160393,2.7330508586992273,0.40644268825743
93,2.0036799951970425,1.1887644956797994,5.442163956165423
556,1.6001188082575781,2.454745120038741,1.397752807064726
1431,10.990784572608705,0.48641967676422965,0.4895734694724419
1558,2.2235479874887996,0.23055549820558954,1.4271290819435043
1233,2.6688837109080805,0.34914545462029095,2.826227671727785
648,3.7039039250107,0.7541063258726771,2.8434480664012507
1591,10.223203824368532,0.11056686219299403,0.7987047514953803
438,12.313312149350137,-0.009662390498487978,3.3297368583203792
181,1.2972352683621942,0.6645284079019291,0.29169424908236335
56,3.444930590964022,0.5464602456306851,0.6490138747848696
1437,0.815334709739547,0.7922092129631196,1.3571208926915668
1368,2.2987551101880896,2.6738660913821413,4.250158789669131
1499,8.755647011627168,0.5777742935441419,-0.546886281159314
544,12.673273613884563,2.257468061486841,0.401575768050288
1461,5.638994720240939,1.2463473662104052,2.2118751481293475
236,16.56830799793968,-0.06853118214674689,2.033521790448077
762,1.3377950018915759,0.5526687207718022,1.279935957114954
1396,3.2861770919643964,1.7413815357393354,4.914133095708676
900,13.973407384646647,1.082277876191249,1.6449321905355279
809,5.499542571547495,0.8600857990997097,2.5529030851434054
148,1.980026156281426,3.3513802546454157,2.1510041738054615
821,0.9521784840254781,3.535550105764481,0.6956547713386941
943,4.741728915925707,3.3102498654570702,1.7669098045103682
129,3.4962622444889124,0.4828591576007251,1.0274102279781885
37,5.935567260936921,0.8535620562341281,1.2802634083142848
1277,0.3709829641470782,3.3694933120416066,0.31442125137225546
877,0.7791116548454607,0.28373576293691655,0.3163798372206351
1265,6.649374799280993,0.5040511886744494,1.50960164644977
930,3.9029795487385477,1.6108218195148143,2.0390509516160966
123,2.3728616839775984,1.4830317908459765,1.6508776722825058
447,8.56989636785424,1.0648878214413333,1.2415235024177587
472,1.527559212892765,1.6785081785444829,2.2597597142856385
737,1.3865942215559244,0.4009616321736361,1.4122763978115656
950,3.4621584787095707,0.5545260196060315,0.7515190587835251
50,2.2637858723714612,0.7183481312420652,0.7891146713934343
475,0.06258430739754177,0.6157285379350221,29.044914120986643
385,1.385621384191848,-0.10550096530558271,5.200127018895453
1613,1.1405639632234685,2.735566161693734,1.6928043605132759
833,1.8710341760551785,0.6702127555037832,0.7448438562461627
323,2.2456273145116348,0.4200669959837451,2.4128983002670457
934,2.2289270732822883,1.9132538606387368,-1.108305214621347
451,0.5298126105200596,0.8129024284956271,1.7226417423630829
1232,1.8486924117302388,2.7130568845118463,2.7513405498329235
455,7.667980210582391,1.0054557265244248,13.88881113730671
306,2.7488950189286308,0.5444904150935217,0.4129638041321437
114,2.2551690525378345,0.4555798676848014,0.5384138471737197
885,4.115914195093929,0.9793360930226146,0.9274853077731406
1555,3.6144963920602144,0.6468537272145861,1.4647227921359347
194,0.8546740978518953,1.9356678352446663,0.31414178189888187
1012,4.09250837468269,0.6325049491726706,0.5500337494100987
1202,3.371700097953546,1.0534834336642267,0.9488190750191794
683,3.0626057264679236,0.4211153075448769,1.1782123495203696
546,-0.3537143076898918,1.1190769499032627,1.8962447680821846
339,1.84438667416478,4.372788270585699,0.24090157280758348
619,3.115818365470047,1.1667559050922591,0.6691393035042276
1439,1.8393180997628447,0.5277622282281517,0.43153879227755765
65,2.0534625997235327,0.40020311194054353,2.426520438343356
636,1.476450229688581,0.88795015353061,0.3033841438437324
292,1.5011962761684299,1.3891342423597839,0.001157768553852529
348,8.32106117832934,0.6152892705099113,1.847951229572215
1276,6.843069903472983,1.0741537295687364,1.5940901959725615
584,7.9764304236343495,1.2391343057452817,0.0552320668948126
1287,2.061729256312817,0.4275766168045357,1.3309145611697235
1519,3.4060958820088283,0.6050321854323357,2.6502049284813674
320,2.140998729004707,1.9479446321663767,0.9068110761847715
1168,0.15184916887519628,1.0155444083752805,-0.5280494952264492
1459,5.032059795367468,1.5298157694495869,3.250563700723717
606,1.8391967283979618,0.6080483775443256,1.790121647223718
414,4.029478781359351,1.0122587771409723,0.8360706928007549
624,1.3028749965027373,2.2649123430880826,0.7448438562461627
898,2.016623814145564,0.7834899785264889,2.3459859325670473
944,1.3663022764594126,3.884538460310909,0.7448438562461627
1056,8.433991688165687,1.3637541964601314,0.3732916275131364
1406,3.4093679265303747,1.7967050055285205,4.259471919797439
1130,12.97525456900736,1.9682957305472668,0.7978440124111633
1403,10.689798527136887,0.22510606578827708,0.7678146173268712
1565,2.508443362641568,0.11810985982616998,4.943389521421013
208,2.0601233183268715,0.7431602372066978,0.9847006511368457
1283,2.837771922539639,0.731824902356166,0.7333514211861505
671,2.77460418545164,0.7677015320577707,0.6254880779813254
40,1.0780236057037027,1.9641579630433488,1.0822594369052634
1537,3.7453549184108734,7.600741644258024,1.3673491849110193
1001,0.5174273020414107,0.29385794174661,5.478742756504229
284,3.543421711906367,0.5814283269947075,0.5634448580563765
14,0.183625467447975,0.30067402795598025,0.9960133955287569
264,2.730553229345339,0.08360383994381224,0.6696330825794027
658,2.397811101303608,-0.05562672068526148,1.5436854738819983
1164,2.537607832563312,0.5394355074155905,0.46935454737642485
608,6.749260778848914,0.45757494115859954,3.4397509500797856
302,0.6876827902346412,0.31006085757961016,3.862865449912573
1005,4.4460803129055835,0.8347655327571344,2.0297673193768193
167,1.8634023887362978,0.8639457462643279,2.7770582122780687
1481,3.265889913061791,0.45572437235781366,1.6880162525307183
682,7.60374674802961,-0.28315464970130194,1.0289829297153967
751,3.1886015282075686,0.7022038824474225,0.6756049361473551
534,3.7786362416604544,2.178078064553302,1.3692837810607041
1528,2.7827104172036305,0.32241542203418977,0.46593584958293943
1387,1.8121264555655736,0.7570997008788046,1.089554106120599
935,2.224009668159174,0.6449574961234644,1.8114971537069482
13,0.7638538154922869,1.7462569616900494,0.15810890381383308
537,10.003633695064892,2.4111867454229032,0.8937669893936144
405,2.470143968107564,1.2116638591955025,2.8945753166075514
178,3.3040251443071735,0.5157589994038333,0.3449184123524846
315,2.047362993650211,1.2306072963480883,0.29261687416894755
1016,2.03770929793088,0.9292707210410466,1.4057285458820883
1179,9.612335081685552,1.0852831170886137,4.588936981989023
1388,2.1549593709827333,0.2796368685811229,5.3858437807120145
118,4.0168296955761935,0.21333203800646233,0.1045867101003788
850,2.5186383785942277,0.36141912138334314,0.9927503698316373
526,0.8989935407592466,0.5532513939747593,0.8396839443462434
815,2.4943571675955014,1.3210813766031368,0.061721481958862144
1580,2.388310436440694,0.14764258856544782,1.9456175343388884
291,1.3669848206225617,0.4000913216204826,1.963022187331041
621,2.174017679903931,2.0109626960737446,0.8255186095903521
1231,23.498077554442027,-0.6152041728343045,0.46423341068902374
1452,4.841476017211351,0.9112227735438811,1.9484831454329803
673,6.644011090450971,12.552431326023244,1.209494401361585
601,0.262609936985622,0.9452822851017109,3.1618266096322283
1560,1.988715791878117,0.4230098587966056,1.7932376244748276
245,6.7245458429631,0.22245230869386615,1.7870858273403571
1121,6.907879106496258,0.5959691105950232,0.7266705248605206
1042,8.14766887510692,1.3198065208214835,0.960816977604927
279,5.2163306161077605,0.31156563890569344,1.3840480387917458
182,1.8806519048811507,1.764741815948414,0.2744670854343976
980,1.898452998326923,0.7867841736861121,3.1589485573151395
1079,2.691505495133699,2.953884222855333,0.6698125234728363
1579,6.101761110648989,0.6675812212937813,-0.04356683459508813
1330,2.0637425110495893,0.4271963337027444,4.035373994428067
360,9.321999157195558,2.55079619941595,1.258078952311485
1065,5.259151998283198,0.34720141651633835,0.8100313577951762
609,1.5558740906347805,0.2984545918413902,1.4883886505395374
308,2.670560245141245,0.3974005566566489,1.4340926322389256
628,3.0028372003460073,0.7047880402908169,1.2205179347736805
1488,5.924448792373863,0.5161166645145868,2.940223581831622
973,1.348704161907722,2.261772236669164,1.2351803446306633
591,3.8037237449448336,1.4800416742939377,1.9126017117415781
906,3.5034723960564866,0.765418521868619,4.3268873266467835
536,1.8787454763889355,1.7011436319267972,0.8496512609498739
344,1.9685357465830156,1.0770950486129194,2.988264738231877
1399,4.624513687720543,16.478462157173496,3.106696020860624
1294,3.52557905207078,0.6321444547614743,0.24783043513362943
1067,2.05917630621762,0.0957355748080723,2.2434264194625686
774,1.492366052891507,0.5291790100845087,1.3587183470028474
1006,5.18527026961866,0.8704075420359493,0.867591207050298
1531,2.9766176054050164,0.6603048775466009,2.641839927508263
551,2.643043956308885,1.0841220193464458,1.803243981813481
792,11.001948758891979,38.09354052757664,0.40288752864664484
714,3.2025297557811765,1.440737229941189,1.1898877748766714
657,3.026870950035953,0.36372279641425725,0.358046645112258
720,6.665736710219055,0.5924265016398611,0.5835396716109761
1111,7.2203515402962815,0.30218101643209194,2.325940685806457
1538,11.128687008449022,0.7192923392074723,4.970078856936867
599,1.0524082434437552,0.5268859086794778,0.8189790264143622
321,0.49714904541701194,0.31994811676693474,1.0405954877641683
753,1.7985587349831897,2.934518112715941,1.1830476195381587
1472,0.7839356318378166,2.5385919722694106,5.372953726820712
1584,5.579803388099792,0.693672592288113,4.2512625391227745
746,1.0571592973070951,1.2537059991054966,0.8216237489404433
415,8.24931609749096,0.858699024570014,2.98190606312228
961,6.7224447753418115,0.5466211232082056,0.8700477968001635
525,4.4856866283898595,2.5423893261887507,1.2547806973189526
946,0.35810976378917125,1.3887930620496058,1.1905990474508497
1208,2.077122271870656,0.6014289131142183,0.47501532722154566
21,2.9357421953917893,0.41245725891143165,3.8269751624187287
514,1.4528100884967547,1.4333883484063619,0.438126434408574
218,1.4824950558294574,0.3042929602346102,0.38617035157166985
1177,9.285989716659115,0.0632455869830601,0.7560926140143093
822,3.998899875722771,0.804804525687821,3.098600606032478
1058,14.58758706041827,0.899566833956838,1.0928419456115666
1075,3.305892975948189,1.3864055343840058,1.2006180616138995
574,0.724339413418459,0.41216921955802166,1.4048007697692937
979,3.223263791228448,1.1430333131957513,1.4782398904418368
36,1.5612955510738173,18.424164491024342,0.6290777766235875
984,2.1437188097478144,0.6654024390614828,2.5805530653193607
713,3.37179418693791,1.178592642842914,-0.28150220931513625
1033,4.588266637910653,0.18319405816496404,0.40337590154337644
908,1.6791782265269364,0.7053418929071696,20.22888701583782
139,-0.17787299633580705,0.6284721317989248,0.7978522754190593
442,12.236707644055748,0.571075496471918,0.3771361426638456
1299,4.789837196477765,0.7938702728790877,0.9420556594417699
1329,7.422900854226627,10.013650949600153,0.8122042541263603
888,1.7362570590717352,0.3160323985559045,1.0146822455023046
955,3.2358642719571513,3.2220326341674213,0.9420556594417699
782,1.1319553985658646,5.58513182636258,4.536645080164001
615,2.075436751509082,1.069197412678207,0.09266277134820865
1556,3.7757435453621757,0.5290555778053286,1.790121647223718
287,2.858506134949633,5.709222174990704,0.8522899131351608
863,17.705305808732806,0.5529617978699884,2.8353282626552883
649,1.782915054675797,0.4648763553591932,1.5446072664894568
1548,2.1179104972911764,1.5208491911194397,0.8801280501502362
1428,0.5206255248151074,-0.05894597077734378,1.5122999260048684
1352,1.0130658308758924,0.8953165165816149,1.5469307767086915
393,3.210654573508923,0.5699413906913046,0.9671791034766188
1205,2.5392609610026025,0.5740803813583013,0.6435902216624478
1411,2.386709851831003,1.2016589281414367,0.7294587844333491
1369,1.1284544942333044,0.23190991097456967,0.4355252792727406
294,3.2544055465968005,7.155594874239737,0.5532824878053278
848,2.5269942528458658,-0.06961687876499938,0.2860512790502105
1041,14.232577966525957,1.1546115186991217,3.3981321762674996
1529,1.709325331075215,-0.17941744382015515,1.9830476744549026
1451,2.7517581987815465,1.0615811568382068,1.0104431619294656
370,0.4722759365787806,2.8537118590551014,1.0737829843320108
722,2.0188261402303507,0.2076481527311188,1.089323282466171
280,5.431576849093536,2.139134679462214,1.9673290926965934
1247,0.5257408175562659,2.734560269120053,1.039182073614232
1116,1.8395187637533792,0.7643243756056852,-0.2419319243029592
1382,2.8247970444020245,0.45482331689824246,0.6095714698500911
479,-0.07418072305910509,0.8009311643881886,86.42509745918906
450,4.980787876343566,0.9382803782650635,0.9905218180684173
519,8.254293474879795,0.39764056778147344,0.6422827074276773
1573,0.040059345312786765,2.397478759145865,4.459372567406532
1030,6.306998828973435,1.7015201547908012,5.145008397034776
1062,1.3480786339513706,-0.13259561072060658,0.1284558587156969
1015,3.542563451056412,1.790268376515686,0.7454354014658897
1338,1.1911295210001684,5.638967747713491,0.6698125234728363
632,7.964710734588542,2.0869248770535087,3.4782269894942344
613,3.646534657318792,0.4097265308789158,0.3068023894747604
515,4.226996051549848,0.9749645459055782,0.334946528933282
1345,11.468347745892748,0.1665239710679995,-0.3277715236071302
1344,2.148333009840878,0.6736969654006335,2.4459903783120787
26,4.49355079594046,-0.273078614192728,1.6897663775319536
1188,1.6316431618697522,0.12991418024262127,1.5781927407789098
1561,8.272670848914684,0.2168262631324401,-0.3493904827706673
1315,1.5613834652736593,1.2770355319421092,1.3298052684775548
977,1.0081675012086386,1.2214180338239014,1.223991572776281
52,1.1760062925518042,1.5361255598674692,1.0540417878556894
989,2.659107327541873,1.986328161596153,-0.07009602539353509
127,6.697413971539588,6.207262005417336,1.0290017581814028
580,2.6256484404174305,0.3748484614209467,2.060390915842206
1477,2.5168172006081724,1.1390151335562915,2.2698595554194685
252,2.7752064265809797,1.250540786627246,-0.17018194866089956
1316,-1.0717269870334467,0.5037595549030061,0.6370897239882631
905,3.857095193413624,1.3268615560316888,0.6526917578463622
938,4.0853921149369,0.8846584510440711,5.215010708827631
434,1.621181009981099,0.6132745935046839,1.5956823294829583
1596,2.3370237298643977,1.5086293276862328,2.4559594078071343
